model_variant,seed,label,support,positive_support,negative_support,threshold,AUROC,AUPRC,TPR,Recall,FNR,TNR,Specificity,FPR,TP,FP,TN,FN,group,model
r50_baseline,42,Infiltration,9553,1685,7868,0.5149999999999999,0.7030369795995951,0.3337722857273384,0.5887240356083087,0.5887240356083087,0.4112759643916914,0.7089476359938993,0.7089476359938993,0.2910523640061007,992,2290,5578,693,Female,Baseline
r50_baseline,42,Infiltration,12741,2412,10329,0.5149999999999999,0.7059707433080187,0.3521350487183921,0.5978441127694859,0.5978441127694859,0.4021558872305141,0.6973569561428986,0.6973569561428986,0.3026430438571014,1442,3126,7203,970,Male,Baseline
r50_baseline,42,Effusion,9553,1127,8426,0.7549999999999999,0.8701555648833597,0.508163444923661,0.6015971606033718,0.6015971606033718,0.3984028393966282,0.9094469499169238,0.9094469499169238,0.0905530500830762,678,763,7663,449,Female,Baseline
r50_baseline,42,Effusion,12741,1426,11315,0.7549999999999999,0.8771016951148389,0.4800947163300633,0.5813464235624124,0.5813464235624124,0.4186535764375876,0.9142730888201502,0.9142730888201502,0.0857269111798497,829,970,10345,597,Male,Baseline
r50_baseline,42,Atelectasis,9553,848,8705,0.7599999999999999,0.808642831597542,0.3236574197096097,0.4775943396226415,0.4775943396226415,0.5224056603773585,0.8981045376220563,0.8981045376220563,0.1018954623779437,405,887,7818,443,Female,Baseline
r50_baseline,42,Atelectasis,12741,1359,11382,0.7599999999999999,0.8043633952580459,0.3506548249187988,0.5364238410596026,0.5364238410596026,0.4635761589403973,0.8653136531365314,0.8653136531365314,0.1346863468634686,729,1533,9849,630,Male,Baseline
r50_baseline,42,Nodule,9553,576,8977,0.695,0.7629189139219982,0.2381614806002009,0.3715277777777778,0.3715277777777778,0.6284722222222222,0.9273699454160632,0.9273699454160632,0.0726300545839367,214,652,8325,362,Female,Baseline
r50_baseline,42,Nodule,12741,704,12037,0.695,0.766335050261693,0.2088468979565364,0.3920454545454545,0.3920454545454545,0.6079545454545454,0.91260280800864,0.91260280800864,0.0873971919913599,276,1052,10985,428,Male,Baseline
r50_baseline,42,Mass,9553,423,9130,0.71,0.8438843704929324,0.2761266672901237,0.4704491725768321,0.4704491725768321,0.5295508274231678,0.944906900328587,0.944906900328587,0.0550930996714129,199,503,8627,224,Female,Baseline
r50_baseline,42,Mass,12741,653,12088,0.71,0.830810148750916,0.303473059247659,0.4762633996937213,0.4762633996937213,0.5237366003062787,0.938368630046327,0.938368630046327,0.061631369953673,311,745,11343,342,Male,Baseline
r50_baseline,42,Pneumothorax,9553,574,8979,0.7949999999999999,0.8536418503414664,0.3565720053293614,0.519163763066202,0.519163763066202,0.4808362369337979,0.9371867691279652,0.9371867691279652,0.0628132308720347,298,564,8415,276,Female,Baseline
r50_baseline,42,Pneumothorax,12741,446,12295,0.7949999999999999,0.8745136836039294,0.2687823294229817,0.4035874439461883,0.4035874439461883,0.5964125560538116,0.9668971126474176,0.9668971126474176,0.0331028873525823,180,407,11888,266,Male,Baseline
r50_baseline,42,Consolidation,9553,368,9185,0.7599999999999999,0.790074791129204,0.1297544275528973,0.3097826086956521,0.3097826086956521,0.6902173913043478,0.9321720195971692,0.9321720195971692,0.0678279804028307,114,623,8562,254,Female,Baseline
r50_baseline,42,Consolidation,12741,583,12158,0.7599999999999999,0.8225666235052089,0.1652199584378845,0.3653516295025729,0.3653516295025729,0.6346483704974271,0.9302516861325876,0.9302516861325876,0.0697483138674124,213,848,11310,370,Male,Baseline
r50_baseline,123,Infiltration,9553,1685,7868,0.4699999999999999,0.7048376098805362,0.3416051074438471,0.5370919881305638,0.5370919881305638,0.4629080118694362,0.757244534824606,0.757244534824606,0.242755465175394,905,1910,5958,780,Female,Baseline
r50_baseline,123,Infiltration,12741,2412,10329,0.4699999999999999,0.7072885403556329,0.353056757654194,0.5563847429519071,0.5563847429519071,0.4436152570480928,0.7366637622228677,0.7366637622228677,0.2633362377771323,1342,2720,7609,1070,Male,Baseline
r50_baseline,123,Effusion,9553,1127,8426,0.6449999999999999,0.8655469370484858,0.5029690460037062,0.6681455190771961,0.6681455190771961,0.3318544809228039,0.8765725136482316,0.8765725136482316,0.1234274863517683,753,1040,7386,374,Female,Baseline
r50_baseline,123,Effusion,12741,1426,11315,0.6449999999999999,0.8742901694990886,0.4832104258269473,0.7019635343618513,0.7019635343618513,0.2980364656381487,0.8691117984975696,0.8691117984975696,0.1308882015024304,1001,1481,9834,425,Male,Baseline
r50_baseline,123,Atelectasis,9553,848,8705,0.565,0.8102203515654632,0.3300907967724367,0.4988207547169811,0.4988207547169811,0.5011792452830188,0.880413555427915,0.880413555427915,0.119586444572085,423,1041,7664,425,Female,Baseline
r50_baseline,123,Atelectasis,12741,1359,11382,0.565,0.8025879714804717,0.3409217217599505,0.5688005886681383,0.5688005886681383,0.4311994113318617,0.8452820242488139,0.8452820242488139,0.1547179757511861,773,1761,9621,586,Male,Baseline
r50_baseline,123,Nodule,9553,576,8977,0.73,0.7549805134727017,0.2398473452300981,0.3177083333333333,0.3177083333333333,0.6822916666666666,0.9494263116854182,0.9494263116854182,0.0505736883145817,183,454,8523,393,Female,Baseline
r50_baseline,123,Nodule,12741,704,12037,0.73,0.7757977651294872,0.2224200986239389,0.375,0.375,0.625,0.9369444213674504,0.9369444213674504,0.0630555786325496,264,759,11278,440,Male,Baseline
r50_baseline,123,Mass,9553,423,9130,0.825,0.837543080121906,0.2962195749693028,0.3262411347517731,0.3262411347517731,0.6737588652482269,0.975027382256298,0.975027382256298,0.024972617743702,138,228,8902,285,Female,Baseline
r50_baseline,123,Mass,12741,653,12088,0.825,0.8220891993679833,0.2934021541579044,0.4058192955589586,0.4058192955589586,0.5941807044410413,0.9516048974189278,0.9516048974189278,0.0483951025810721,265,585,11503,388,Male,Baseline
r50_baseline,123,Pneumothorax,9553,574,8979,0.8499999999999999,0.8451006277520174,0.3147577227604031,0.4128919860627177,0.4128919860627177,0.5871080139372822,0.955785722240784,0.955785722240784,0.0442142777592159,237,397,8582,337,Female,Baseline
r50_baseline,123,Pneumothorax,12741,446,12295,0.8499999999999999,0.8792501964960783,0.2811379972935109,0.3834080717488789,0.3834080717488789,0.6165919282511211,0.9753558357055714,0.9753558357055714,0.0246441642944286,171,303,11992,275,Male,Baseline
r50_baseline,123,Consolidation,9553,368,9185,0.7549999999999999,0.790423895292419,0.1411255744119573,0.2717391304347826,0.2717391304347826,0.7282608695652174,0.9486118671747414,0.9486118671747414,0.0513881328252585,100,472,8713,268,Female,Baseline
r50_baseline,123,Consolidation,12741,583,12158,0.7549999999999999,0.8098523810424043,0.149429020505274,0.3499142367066895,0.3499142367066895,0.6500857632933105,0.9150353676591544,0.9150353676591544,0.0849646323408455,204,1033,11125,379,Male,Baseline
r50_baseline,2026,Infiltration,9553,1685,7868,0.62,0.7092529330390615,0.345413878112801,0.4765578635014836,0.4765578635014836,0.5234421364985163,0.8087188612099644,0.8087188612099644,0.1912811387900355,803,1505,6363,882,Female,Baseline
r50_baseline,2026,Infiltration,12741,2412,10329,0.62,0.7092083191041276,0.3557330434809228,0.5315091210613598,0.5315091210613598,0.4684908789386401,0.7733565688837254,0.7733565688837254,0.2266434311162745,1282,2341,7988,1130,Male,Baseline
r50_baseline,2026,Effusion,9553,1127,8426,0.7449999999999999,0.8680761327121381,0.5118187137398822,0.6530612244897959,0.6530612244897959,0.3469387755102041,0.8870163778779967,0.8870163778779967,0.1129836221220033,736,952,7474,391,Female,Baseline
r50_baseline,2026,Effusion,12741,1426,11315,0.7449999999999999,0.8745024074708757,0.4780561565867172,0.6549789621318373,0.6549789621318373,0.3450210378681627,0.8884666372072471,0.8884666372072471,0.1115333627927529,934,1262,10053,492,Male,Baseline
r50_baseline,2026,Atelectasis,9553,848,8705,0.715,0.8151341670911318,0.3330543753767826,0.4752358490566037,0.4752358490566037,0.5247641509433962,0.9008615738081562,0.9008615738081562,0.0991384261918437,403,863,7842,445,Female,Baseline
r50_baseline,2026,Atelectasis,12741,1359,11382,0.715,0.8124996040247378,0.3581029631427587,0.5209713024282561,0.5209713024282561,0.4790286975717439,0.8782287822878229,0.8782287822878229,0.1217712177121771,708,1386,9996,651,Male,Baseline
r50_baseline,2026,Nodule,9553,576,8977,0.7849999999999999,0.7745121019147699,0.2366433937304624,0.3107638888888889,0.3107638888888889,0.6892361111111112,0.9503174779993316,0.9503174779993316,0.0496825220006683,179,446,8531,397,Female,Baseline
r50_baseline,2026,Nodule,12741,704,12037,0.7849999999999999,0.7651109599567998,0.2152752268687621,0.3323863636363636,0.3323863636363636,0.6676136363636364,0.9491567666362052,0.9491567666362052,0.0508432333637949,234,612,11425,470,Male,Baseline
r50_baseline,2026,Mass,9553,423,9130,0.8699999999999999,0.8423519998757119,0.3013157060101035,0.3640661938534279,0.3640661938534279,0.6359338061465721,0.9676889375684556,0.9676889375684556,0.0323110624315443,154,295,8835,269,Female,Baseline
r50_baseline,2026,Mass,12741,653,12088,0.8699999999999999,0.828466057487562,0.286535174368016,0.4257274119448698,0.4257274119448698,0.5742725880551302,0.9477167438782264,0.9477167438782264,0.0522832561217736,278,632,11456,375,Male,Baseline
r50_baseline,2026,Pneumothorax,9553,574,8979,0.8949999999999999,0.8533461545774831,0.3571113323116406,0.5069686411149826,0.5069686411149826,0.4930313588850174,0.9424212050339682,0.9424212050339682,0.0575787949660318,291,517,8462,283,Female,Baseline
r50_baseline,2026,Pneumothorax,12741,446,12295,0.8949999999999999,0.898484563888124,0.266749070532345,0.437219730941704,0.437219730941704,0.5627802690582959,0.9630744204961368,0.9630744204961368,0.0369255795038633,195,454,11841,251,Male,Baseline
r50_baseline,2026,Consolidation,9553,368,9185,0.7899999999999999,0.7930211710965421,0.1284363411666528,0.3777173913043478,0.3777173913043478,0.6222826086956522,0.913663581927055,0.913663581927055,0.086336418072945,139,793,8392,229,Female,Baseline
r50_baseline,2026,Consolidation,12741,583,12158,0.7899999999999999,0.8212231067389717,0.1644776487641781,0.5008576329331046,0.5008576329331046,0.4991423670668953,0.8857542358940615,0.8857542358940615,0.1142457641059384,292,1389,10769,291,Male,Baseline
r50_static_grl,42,Infiltration,9553,1685,7868,0.5099999999999999,0.7006324683690387,0.3351753580650665,0.5388724035608309,0.5388724035608309,0.4611275964391691,0.748220640569395,0.748220640569395,0.251779359430605,908,1981,5887,777,Female,Static GRL
r50_static_grl,42,Infiltration,12741,2412,10329,0.5099999999999999,0.6987493912950496,0.3445049183717918,0.5534825870646766,0.5534825870646766,0.4465174129353234,0.7317262077645464,0.7317262077645464,0.2682737922354535,1335,2771,7558,1077,Male,Static GRL
r50_static_grl,42,Effusion,9553,1127,8426,0.735,0.8669289251526573,0.492435046719503,0.6690328305235137,0.6690328305235137,0.3309671694764862,0.8770472347495846,0.8770472347495846,0.1229527652504153,754,1036,7390,373,Female,Static GRL
r50_static_grl,42,Effusion,12741,1426,11315,0.735,0.8687424814954146,0.4713527575586522,0.6626928471248247,0.6626928471248247,0.3373071528751753,0.8733539549270879,0.8733539549270879,0.126646045072912,945,1433,9882,481,Male,Static GRL
r50_static_grl,42,Atelectasis,9553,848,8705,0.6449999999999999,0.8057917809109924,0.3195055471693348,0.6108490566037735,0.6108490566037735,0.3891509433962264,0.8207926479035037,0.8207926479035037,0.1792073520964962,518,1560,7145,330,Female,Static GRL
r50_static_grl,42,Atelectasis,12741,1359,11382,0.6449999999999999,0.8079376780838133,0.3527298932486412,0.6394407652685798,0.6394407652685798,0.3605592347314201,0.8124231242312423,0.8124231242312423,0.1875768757687577,869,2135,9247,490,Male,Static GRL
r50_static_grl,42,Nodule,9553,576,8977,0.7599999999999999,0.7550433669996164,0.2193555057480739,0.3420138888888889,0.3420138888888889,0.6579861111111112,0.9377297538153058,0.9377297538153058,0.0622702461846942,197,559,8418,379,Female,Static GRL
r50_static_grl,42,Nodule,12741,704,12037,0.7599999999999999,0.7730536220705854,0.2267841696978419,0.4232954545454545,0.4232954545454545,0.5767045454545454,0.9207443715211432,0.9207443715211432,0.0792556284788568,298,954,11083,406,Male,Static GRL
r50_static_grl,42,Mass,9553,423,9130,0.8899999999999999,0.8423811299356032,0.2975275756805939,0.3026004728132387,0.3026004728132387,0.6973995271867612,0.9783132530120482,0.9783132530120482,0.0216867469879518,128,198,8932,295,Female,Static GRL
r50_static_grl,42,Mass,12741,653,12088,0.8899999999999999,0.8329638293149877,0.3060086210870063,0.3139356814701378,0.3139356814701378,0.6860643185298622,0.9677365982792852,0.9677365982792852,0.0322634017207147,205,390,11698,448,Male,Static GRL
r50_static_grl,42,Pneumothorax,9553,574,8979,0.8799999999999999,0.8547039491682684,0.3559898662316698,0.4808362369337979,0.4808362369337979,0.519163763066202,0.9514422541485688,0.9514422541485688,0.0485577458514311,276,436,8543,298,Female,Static GRL
r50_static_grl,42,Pneumothorax,12741,446,12295,0.8799999999999999,0.8921605815189739,0.306608903396191,0.42152466367713,0.42152466367713,0.57847533632287,0.969499796665311,0.969499796665311,0.0305002033346888,188,375,11920,258,Male,Static GRL
r50_static_grl,42,Consolidation,9553,368,9185,0.7899999999999999,0.8007269058720503,0.1372582262279366,0.3478260869565217,0.3478260869565217,0.6521739130434783,0.9343494828524768,0.9343494828524768,0.0656505171475231,128,603,8582,240,Female,Static GRL
r50_static_grl,42,Consolidation,12741,583,12158,0.7899999999999999,0.8203997565501909,0.1637876102132558,0.3876500857632933,0.3876500857632933,0.6123499142367067,0.9124856061852278,0.9124856061852278,0.0875143938147721,226,1064,11094,357,Male,Static GRL
r50_static_grl,123,Infiltration,9553,1685,7868,0.58,0.6993273659295286,0.331162992504503,0.4902077151335312,0.4902077151335312,0.5097922848664689,0.7951194712760549,0.7951194712760549,0.2048805287239451,826,1612,6256,859,Female,Static GRL
r50_static_grl,123,Infiltration,12741,2412,10329,0.58,0.7072086842066814,0.3539332547373209,0.5402155887230514,0.5402155887230514,0.4597844112769486,0.7609642753412722,0.7609642753412722,0.2390357246587278,1303,2469,7860,1109,Male,Static GRL
r50_static_grl,123,Effusion,9553,1127,8426,0.62,0.8734767170782286,0.5065233364547265,0.7160603371783496,0.7160603371783496,0.2839396628216504,0.859363873724187,0.859363873724187,0.1406361262758129,807,1185,7241,320,Female,Static GRL
r50_static_grl,123,Effusion,12741,1426,11315,0.62,0.8786180701931616,0.4848565527404119,0.7019635343618513,0.7019635343618513,0.2980364656381487,0.8646045072912064,0.8646045072912064,0.1353954927087936,1001,1532,9783,425,Male,Static GRL
r50_static_grl,123,Atelectasis,9553,848,8705,0.69,0.8077459007510321,0.3296579439021992,0.5129716981132075,0.5129716981132075,0.4870283018867924,0.8815623205054567,0.8815623205054567,0.1184376794945433,435,1031,7674,413,Female,Static GRL
r50_static_grl,123,Atelectasis,12741,1359,11382,0.69,0.8081587454158994,0.3530372072864735,0.5371596762325239,0.5371596762325239,0.4628403237674761,0.8598664558074152,0.8598664558074152,0.1401335441925847,730,1595,9787,629,Male,Static GRL
r50_static_grl,123,Nodule,9553,576,8977,0.6749999999999999,0.7684750690035028,0.2400145580066301,0.3402777777777778,0.3402777777777778,0.6597222222222222,0.941851398017155,0.941851398017155,0.058148601982845,196,522,8455,380,Female,Static GRL
r50_static_grl,123,Nodule,12741,704,12037,0.6749999999999999,0.7773343389133505,0.2293475561780099,0.3863636363636363,0.3863636363636363,0.6136363636363636,0.9321259450029076,0.9321259450029076,0.0678740549970923,272,817,11220,432,Male,Static GRL
r50_static_grl,123,Mass,9553,423,9130,0.8599999999999999,0.831733898844896,0.2896511907420151,0.408983451536643,0.408983451536643,0.5910165484633569,0.9611171960569552,0.9611171960569552,0.0388828039430449,173,355,8775,250,Female,Static GRL
r50_static_grl,123,Mass,12741,653,12088,0.8599999999999999,0.8309693944255653,0.2888912920678415,0.3721286370597244,0.3721286370597244,0.6278713629402757,0.9601257445400396,0.9601257445400396,0.0398742554599602,243,482,11606,410,Male,Static GRL
r50_static_grl,123,Pneumothorax,9553,574,8979,0.7849999999999999,0.8551121800655266,0.3234143667595957,0.4878048780487805,0.4878048780487805,0.5121951219512195,0.9400824145227754,0.9400824145227754,0.0599175854772246,280,538,8441,294,Female,Static GRL
r50_static_grl,123,Pneumothorax,12741,446,12295,0.7849999999999999,0.8799238452322119,0.2819715096409397,0.4304932735426009,0.4304932735426009,0.5695067264573991,0.9668971126474176,0.9668971126474176,0.0331028873525823,192,407,11888,254,Male,Static GRL
r50_static_grl,123,Consolidation,9553,368,9185,0.7849999999999999,0.7905286265413837,0.1309280585547712,0.2798913043478261,0.2798913043478261,0.720108695652174,0.9424060968971149,0.9424060968971149,0.0575939031028851,103,529,8656,265,Female,Static GRL
r50_static_grl,123,Consolidation,12741,583,12158,0.7849999999999999,0.8231066825392481,0.159594617261907,0.307032590051458,0.307032590051458,0.692967409948542,0.9337884520480342,0.9337884520480342,0.0662115479519657,179,805,11353,404,Male,Static GRL
r50_static_grl,2026,Infiltration,9553,1685,7868,0.4849999999999999,0.7140777954951054,0.3508645461111138,0.6178041543026707,0.6178041543026707,0.3821958456973294,0.6907727503812913,0.6907727503812913,0.3092272496187087,1041,2433,5435,644,Female,Static GRL
r50_static_grl,2026,Infiltration,12741,2412,10329,0.4849999999999999,0.7046598501345532,0.3508526098794035,0.6218905472636815,0.6218905472636815,0.3781094527363184,0.6701519992254816,0.6701519992254816,0.3298480007745183,1500,3407,6922,912,Male,Static GRL
r50_static_grl,2026,Effusion,9553,1127,8426,0.6599999999999999,0.8704311516451697,0.5055802623582993,0.6317657497781721,0.6317657497781721,0.3682342502218279,0.886660337051982,0.886660337051982,0.113339662948018,712,955,7471,415,Female,Static GRL
r50_static_grl,2026,Effusion,12741,1426,11315,0.6599999999999999,0.8791231463651806,0.4915665698368669,0.6549789621318373,0.6549789621318373,0.3450210378681627,0.8938577110030932,0.8938577110030932,0.1061422889969067,934,1201,10114,492,Male,Static GRL
r50_static_grl,2026,Atelectasis,9553,848,8705,0.6599999999999999,0.8042649258179532,0.3149212124030021,0.4339622641509434,0.4339622641509434,0.5660377358490566,0.9051120045950604,0.9051120045950604,0.0948879954049397,368,826,7879,480,Female,Static GRL
r50_static_grl,2026,Atelectasis,12741,1359,11382,0.6599999999999999,0.8075439978619275,0.3506760442974912,0.4863870493009566,0.4863870493009566,0.5136129506990434,0.8914074855034264,0.8914074855034264,0.1085925144965735,661,1236,10146,698,Male,Static GRL
r50_static_grl,2026,Nodule,9553,576,8977,0.72,0.7719880976693526,0.2444448869815037,0.3611111111111111,0.3611111111111111,0.6388888888888888,0.9350562548735658,0.9350562548735658,0.0649437451264342,208,583,8394,368,Female,Static GRL
r50_static_grl,2026,Nodule,12741,704,12037,0.72,0.7660324794006358,0.2154994736563859,0.4090909090909091,0.4090909090909091,0.5909090909090909,0.9184182105175708,0.9184182105175708,0.0815817894824291,288,982,11055,416,Male,Static GRL
r50_static_grl,2026,Mass,9553,423,9130,0.8949999999999999,0.8468501989906757,0.2997429834435745,0.3262411347517731,0.3262411347517731,0.6737588652482269,0.9731653888280394,0.9731653888280394,0.0268346111719605,138,245,8885,285,Female,Static GRL
r50_static_grl,2026,Mass,12741,653,12088,0.8949999999999999,0.8324822916782797,0.2847405028427072,0.3751914241960183,0.3751914241960183,0.6248085758039816,0.9611184645929848,0.9611184645929848,0.0388815354070152,245,470,11618,408,Male,Static GRL
r50_static_grl,2026,Pneumothorax,9553,574,8979,0.7599999999999999,0.8550914192736981,0.3355063963136515,0.4790940766550522,0.4790940766550522,0.5209059233449478,0.9371867691279652,0.9371867691279652,0.0628132308720347,275,564,8415,299,Female,Static GRL
r50_static_grl,2026,Pneumothorax,12741,446,12295,0.7599999999999999,0.8689727677407235,0.2269586506702312,0.4618834080717489,0.4618834080717489,0.5381165919282511,0.9542903619357462,0.9542903619357462,0.0457096380642537,206,562,11733,240,Male,Static GRL
r50_static_grl,2026,Consolidation,9553,368,9185,0.715,0.788912688457078,0.125267503457242,0.3016304347826087,0.3016304347826087,0.6983695652173914,0.9255307566684812,0.9255307566684812,0.0744692433315187,111,684,8501,257,Female,Static GRL
r50_static_grl,2026,Consolidation,12741,583,12158,0.715,0.8223186732041837,0.1646509123086662,0.3773584905660377,0.3773584905660377,0.6226415094339622,0.9224379009705544,0.9224379009705544,0.0775620990294456,220,943,11215,363,Male,Static GRL
r50_dynamic_grl,42,Infiltration,9553,1685,7868,0.5499999999999999,0.7014002555519181,0.338658488383854,0.4902077151335312,0.4902077151335312,0.5097922848664689,0.791814946619217,0.791814946619217,0.2081850533807829,826,1638,6230,859,Female,Standard Dynamic GRL
r50_dynamic_grl,42,Infiltration,12741,2412,10329,0.5499999999999999,0.7079577746212623,0.3537824162194443,0.5041459369817579,0.5041459369817579,0.4958540630182421,0.7827476038338658,0.7827476038338658,0.2172523961661341,1216,2244,8085,1196,Male,Standard Dynamic GRL
r50_dynamic_grl,42,Effusion,9553,1127,8426,0.7449999999999999,0.869668838856196,0.5015752763885881,0.6308784383318545,0.6308784383318545,0.3691215616681455,0.8954426774270117,0.8954426774270117,0.1045573225729883,711,881,7545,416,Female,Standard Dynamic GRL
r50_dynamic_grl,42,Effusion,12741,1426,11315,0.7449999999999999,0.8782866827102749,0.4890577929637908,0.6500701262272089,0.6500701262272089,0.349929873772791,0.8965974370304906,0.8965974370304906,0.1034025629695095,927,1170,10145,499,Male,Standard Dynamic GRL
r50_dynamic_grl,42,Atelectasis,9553,848,8705,0.7549999999999999,0.8041316257193329,0.3077622309895725,0.4587264150943396,0.4587264150943396,0.5412735849056604,0.8983342906375646,0.8983342906375646,0.1016657093624353,389,885,7820,459,Female,Standard Dynamic GRL
r50_dynamic_grl,42,Atelectasis,12741,1359,11382,0.7549999999999999,0.8076705806477805,0.3584744015981055,0.5084621044885945,0.5084621044885945,0.4915378955114054,0.8862238622386224,0.8862238622386224,0.1137761377613776,691,1295,10087,668,Male,Standard Dynamic GRL
r50_dynamic_grl,42,Nodule,9553,576,8977,0.7,0.7663171623779288,0.2349028888298983,0.3940972222222222,0.3940972222222222,0.6059027777777778,0.9207975938509524,0.9207975938509524,0.0792024061490475,227,711,8266,349,Female,Standard Dynamic GRL
r50_dynamic_grl,42,Nodule,12741,704,12037,0.7,0.7727303999222095,0.2211088728570834,0.4389204545454545,0.4389204545454545,0.5610795454545454,0.9081997175375924,0.9081997175375924,0.0918002824624075,309,1105,10932,395,Male,Standard Dynamic GRL
r50_dynamic_grl,42,Mass,9553,423,9130,0.8749999999999999,0.8308247820424186,0.2999195922355573,0.3333333333333333,0.3333333333333333,0.6666666666666666,0.977656078860898,0.977656078860898,0.0223439211391018,141,204,8926,282,Female,Standard Dynamic GRL
r50_dynamic_grl,42,Mass,12741,653,12088,0.8749999999999999,0.8293144175991681,0.3017248448013317,0.3246554364471669,0.3246554364471669,0.6753445635528331,0.972203838517538,0.972203838517538,0.0277961614824619,212,336,11752,441,Male,Standard Dynamic GRL
r50_dynamic_grl,42,Pneumothorax,9553,574,8979,0.72,0.8496361816751669,0.3417638433128121,0.5418118466898955,0.5418118466898955,0.4581881533101045,0.9331774139659204,0.9331774139659204,0.0668225860340795,311,600,8379,263,Female,Standard Dynamic GRL
r50_dynamic_grl,42,Pneumothorax,12741,446,12295,0.72,0.8859103649629713,0.2650546734579617,0.4663677130044843,0.4663677130044843,0.5336322869955157,0.958438389589264,0.958438389589264,0.041561610410736,208,511,11784,238,Male,Standard Dynamic GRL
r50_dynamic_grl,42,Consolidation,9553,368,9185,0.7499999999999999,0.7917922061016306,0.1379692509189256,0.3505434782608695,0.3505434782608695,0.6494565217391305,0.923462166575939,0.923462166575939,0.0765378334240609,129,703,8482,239,Female,Standard Dynamic GRL
r50_dynamic_grl,42,Consolidation,12741,583,12158,0.7499999999999999,0.8214883394934112,0.1603258504037393,0.379073756432247,0.379073756432247,0.6209262435677531,0.9216153972692878,0.9216153972692878,0.0783846027307123,221,953,11205,362,Male,Standard Dynamic GRL
r50_dynamic_grl,123,Infiltration,9553,1685,7868,0.5149999999999999,0.6982063845739569,0.3414174381761385,0.51513353115727,0.51513353115727,0.48486646884273,0.7677935943060499,0.7677935943060499,0.2322064056939501,868,1827,6041,817,Female,Standard Dynamic GRL
r50_dynamic_grl,123,Infiltration,12741,2412,10329,0.5149999999999999,0.6982706357199705,0.3477623463525802,0.5281923714759535,0.5281923714759535,0.4718076285240464,0.7526382031174363,0.7526382031174363,0.2473617968825636,1274,2555,7774,1138,Male,Standard Dynamic GRL
r50_dynamic_grl,123,Effusion,9553,1127,8426,0.69,0.8662029957133989,0.4995690666495112,0.6131322094055013,0.6131322094055013,0.3868677905944986,0.8980536434844529,0.8980536434844529,0.1019463565155471,691,859,7567,436,Female,Standard Dynamic GRL
r50_dynamic_grl,123,Effusion,12741,1426,11315,0.69,0.8756192210937709,0.4936211072518832,0.6598877980364657,0.6598877980364657,0.3401122019635343,0.8854617764030048,0.8854617764030048,0.1145382235969951,941,1296,10019,485,Male,Standard Dynamic GRL
r50_dynamic_grl,123,Atelectasis,9553,848,8705,0.565,0.806332973892688,0.3174984245572375,0.5259433962264151,0.5259433962264151,0.4740566037735849,0.8770821367030442,0.8770821367030442,0.1229178632969557,446,1070,7635,402,Female,Standard Dynamic GRL
r50_dynamic_grl,123,Atelectasis,12741,1359,11382,0.565,0.8077701401422719,0.3563966181640748,0.5739514348785872,0.5739514348785872,0.4260485651214128,0.8458970303988754,0.8458970303988754,0.1541029696011245,780,1754,9628,579,Male,Standard Dynamic GRL
r50_dynamic_grl,123,Nodule,9553,576,8977,0.705,0.7647377015954352,0.2286611217354544,0.296875,0.296875,0.703125,0.952656789573354,0.952656789573354,0.0473432104266458,171,425,8552,405,Female,Standard Dynamic GRL
r50_dynamic_grl,123,Nodule,12741,704,12037,0.705,0.7691828037792563,0.2290964579391952,0.3622159090909091,0.3622159090909091,0.6377840909090909,0.9427598238763812,0.9427598238763812,0.0572401761236188,255,689,11348,449,Male,Standard Dynamic GRL
r50_dynamic_grl,123,Mass,9553,423,9130,0.82,0.8423921346248955,0.3048560241064671,0.3711583924349881,0.3711583924349881,0.6288416075650118,0.9713033953997808,0.9713033953997808,0.028696604600219,157,262,8868,266,Female,Standard Dynamic GRL
r50_dynamic_grl,123,Mass,12741,653,12088,0.82,0.8301601172818422,0.2851868218724259,0.4012251148545176,0.4012251148545176,0.5987748851454824,0.9526803441429516,0.9526803441429516,0.0473196558570483,262,572,11516,391,Male,Standard Dynamic GRL
r50_dynamic_grl,123,Pneumothorax,9553,574,8979,0.84,0.8404667996133448,0.298703445874509,0.440766550522648,0.440766550522648,0.5592334494773519,0.9504399153580576,0.9504399153580576,0.0495600846419423,253,445,8534,321,Female,Standard Dynamic GRL
r50_dynamic_grl,123,Pneumothorax,12741,446,12295,0.84,0.8769070149555855,0.2667464875973911,0.3520179372197309,0.3520179372197309,0.647982062780269,0.974705164701098,0.974705164701098,0.0252948352989019,157,311,11984,289,Male,Standard Dynamic GRL
r50_dynamic_grl,123,Consolidation,9553,368,9185,0.725,0.79610482592128,0.1254416916986104,0.3016304347826087,0.3016304347826087,0.6983695652173914,0.9277082199237888,0.9277082199237888,0.0722917800762112,111,664,8521,257,Female,Standard Dynamic GRL
r50_dynamic_grl,123,Consolidation,12741,583,12158,0.725,0.8148493379197908,0.1491914593370053,0.4236706689536878,0.4236706689536878,0.5763293310463122,0.8940615232768547,0.8940615232768547,0.1059384767231452,247,1288,10870,336,Male,Standard Dynamic GRL
r50_dynamic_grl,2026,Infiltration,9553,1685,7868,0.585,0.7101580756065586,0.342659432112435,0.4522255192878338,0.4522255192878338,0.5477744807121662,0.8336298932384342,0.8336298932384342,0.1663701067615658,762,1309,6559,923,Female,Standard Dynamic GRL
r50_dynamic_grl,2026,Infiltration,12741,2412,10329,0.585,0.7032682578972694,0.3491270849585078,0.4742951907131011,0.4742951907131011,0.5257048092868989,0.8135347081033982,0.8135347081033982,0.1864652918966018,1144,1926,8403,1268,Male,Standard Dynamic GRL
r50_dynamic_grl,2026,Effusion,9553,1127,8426,0.6799999999999999,0.8698447004886848,0.4973920997805284,0.6282165039929015,0.6282165039929015,0.3717834960070985,0.8933064324709233,0.8933064324709233,0.1066935675290766,708,899,7527,419,Female,Standard Dynamic GRL
r50_dynamic_grl,2026,Effusion,12741,1426,11315,0.6799999999999999,0.8771279730824367,0.4859177320046254,0.6332398316970547,0.6332398316970547,0.3667601683029453,0.8985417587273531,0.8985417587273531,0.1014582412726469,903,1148,10167,523,Male,Standard Dynamic GRL
r50_dynamic_grl,2026,Atelectasis,9553,848,8705,0.6449999999999999,0.8072460253812057,0.3218298652768778,0.4481132075471698,0.4481132075471698,0.5518867924528302,0.8959218839747272,0.8959218839747272,0.1040781160252728,380,906,7799,468,Female,Standard Dynamic GRL
r50_dynamic_grl,2026,Atelectasis,12741,1359,11382,0.6449999999999999,0.8049646958153592,0.3477338714880649,0.5084621044885945,0.5084621044885945,0.4915378955114054,0.8808645229309436,0.8808645229309436,0.1191354770690564,691,1356,10026,668,Male,Standard Dynamic GRL
r50_dynamic_grl,2026,Nodule,9553,576,8977,0.725,0.7603280915425841,0.2370299436713151,0.3993055555555556,0.3993055555555556,0.6006944444444444,0.9113289517656232,0.9113289517656232,0.0886710482343767,230,796,8181,346,Female,Standard Dynamic GRL
r50_dynamic_grl,2026,Nodule,12741,704,12037,0.725,0.7481214408981398,0.2168455925897205,0.4318181818181818,0.4318181818181818,0.5681818181818182,0.9000581540250893,0.9000581540250893,0.0999418459749107,304,1203,10834,400,Male,Standard Dynamic GRL
r50_dynamic_grl,2026,Mass,9553,423,9130,0.8699999999999999,0.84273159692283,0.2925163919933695,0.4231678486997636,0.4231678486997636,0.5768321513002365,0.9605695509309968,0.9605695509309968,0.0394304490690032,179,360,8770,244,Female,Standard Dynamic GRL
r50_dynamic_grl,2026,Mass,12741,653,12088,0.8699999999999999,0.8344769165983401,0.2918529914671128,0.448698315467075,0.448698315467075,0.5513016845329249,0.9499503639973528,0.9499503639973528,0.0500496360026472,293,605,11483,360,Male,Standard Dynamic GRL
r50_dynamic_grl,2026,Pneumothorax,9553,574,8979,0.8049999999999999,0.8516726795352533,0.3421741666976937,0.4773519163763066,0.4773519163763066,0.5226480836236934,0.945762334335672,0.945762334335672,0.0542376656643278,274,487,8492,300,Female,Standard Dynamic GRL
r50_dynamic_grl,2026,Pneumothorax,12741,446,12295,0.8049999999999999,0.8768402701160011,0.2426762904357384,0.4417040358744394,0.4417040358744394,0.5582959641255605,0.9581130540870272,0.9581130540870272,0.0418869459129727,197,515,11780,249,Male,Standard Dynamic GRL
r50_dynamic_grl,2026,Consolidation,9553,368,9185,0.6699999999999999,0.7833125251473337,0.1260441550931816,0.328804347826087,0.328804347826087,0.6711956521739131,0.913119216113228,0.913119216113228,0.0868807838867719,121,798,8387,247,Female,Standard Dynamic GRL
r50_dynamic_grl,2026,Consolidation,12741,583,12158,0.6699999999999999,0.8231295377021306,0.1582171061008814,0.444253859348199,0.444253859348199,0.5557461406518011,0.8929922684652081,0.8929922684652081,0.1070077315347919,259,1301,10857,324,Male,Standard Dynamic GRL
r50_dynamic_eo_gradnorm_common_epoch_v2,42,Infiltration,9553,1685,7868,0.5049999999999999,0.7042312020745868,0.3310340716993778,0.599406528189911,0.599406528189911,0.400593471810089,0.6981443823080834,0.6981443823080834,0.3018556176919166,1010,2375,5493,675,Female,Final Dynamic
r50_dynamic_eo_gradnorm_common_epoch_v2,42,Infiltration,12741,2412,10329,0.5049999999999999,0.7086587386108152,0.3541687815194936,0.593698175787728,0.593698175787728,0.4063018242122719,0.7105237680317552,0.7105237680317552,0.2894762319682447,1432,2990,7339,980,Male,Final Dynamic
r50_dynamic_eo_gradnorm_common_epoch_v2,42,Effusion,9553,1127,8426,0.7499999999999999,0.8715967878188335,0.5092560149554437,0.6033717834960071,0.6033717834960071,0.3966282165039929,0.908616187989556,0.908616187989556,0.0913838120104438,680,770,7656,447,Female,Final Dynamic
r50_dynamic_eo_gradnorm_common_epoch_v2,42,Effusion,12741,1426,11315,0.7499999999999999,0.8765563343226821,0.4794901485067921,0.591164095371669,0.591164095371669,0.4088359046283309,0.9085285019885108,0.9085285019885108,0.0914714980114891,843,1035,10280,583,Male,Final Dynamic
r50_dynamic_eo_gradnorm_common_epoch_v2,42,Atelectasis,9553,848,8705,0.7,0.8149552144180855,0.3330799423005448,0.4716981132075472,0.4716981132075472,0.5283018867924528,0.902010338885698,0.902010338885698,0.0979896611143021,400,853,7852,448,Female,Final Dynamic
r50_dynamic_eo_gradnorm_common_epoch_v2,42,Atelectasis,12741,1359,11382,0.7,0.8119932405568142,0.3584722853146854,0.5011037527593819,0.5011037527593819,0.4988962472406181,0.8891231769460551,0.8891231769460551,0.1108768230539448,681,1262,10120,678,Male,Final Dynamic
r50_dynamic_eo_gradnorm_common_epoch_v2,42,Nodule,9553,576,8977,0.715,0.7677823264391718,0.2415110047104198,0.3680555555555556,0.3680555555555556,0.6319444444444444,0.9319371727748692,0.9319371727748692,0.0680628272251308,212,611,8366,364,Female,Final Dynamic
r50_dynamic_eo_gradnorm_common_epoch_v2,42,Nodule,12741,704,12037,0.715,0.772634518945373,0.2173457067457955,0.3963068181818182,0.3963068181818182,0.6036931818181818,0.9240674586691036,0.9240674586691036,0.0759325413308964,279,914,11123,425,Male,Final Dynamic
r50_dynamic_eo_gradnorm_common_epoch_v2,42,Mass,9553,423,9130,0.7799999999999999,0.8430829701785867,0.2791367826862015,0.4373522458628842,0.4373522458628842,0.5626477541371159,0.954764512595838,0.954764512595838,0.0452354874041621,185,413,8717,238,Female,Final Dynamic
r50_dynamic_eo_gradnorm_common_epoch_v2,42,Mass,12741,653,12088,0.7799999999999999,0.8333028439731909,0.3020332544123928,0.4563552833078101,0.4563552833078101,0.5436447166921899,0.9440767703507612,0.9440767703507612,0.0559232296492389,298,676,11412,355,Male,Final Dynamic
r50_dynamic_eo_gradnorm_common_epoch_v2,42,Pneumothorax,9553,574,8979,0.6599999999999999,0.857994049607815,0.3685960519258888,0.5714285714285714,0.5714285714285714,0.4285714285714285,0.929724913687493,0.929724913687493,0.0702750863125069,328,631,8348,246,Female,Final Dynamic
r50_dynamic_eo_gradnorm_common_epoch_v2,42,Pneumothorax,12741,446,12295,0.6599999999999999,0.8780205231263576,0.2785671399138474,0.4977578475336323,0.4977578475336323,0.5022421524663677,0.9491663277755183,0.9491663277755183,0.0508336722244815,222,625,11670,224,Male,Final Dynamic
r50_dynamic_eo_gradnorm_common_epoch_v2,42,Consolidation,9553,368,9185,0.7499999999999999,0.786088790797851,0.1314462315779234,0.3885869565217391,0.3885869565217391,0.6114130434782609,0.906804572672836,0.906804572672836,0.0931954273271638,143,856,8329,225,Female,Final Dynamic
r50_dynamic_eo_gradnorm_common_epoch_v2,42,Consolidation,12741,583,12158,0.7499999999999999,0.8230452416538449,0.1603501832409294,0.4476843910806174,0.4476843910806174,0.5523156089193825,0.898914295114328,0.898914295114328,0.1010857048856719,261,1229,10929,322,Male,Final Dynamic
r50_dynamic_eo_gradnorm_common_epoch_v2,123,Infiltration,9553,1685,7868,0.4949999999999999,0.7095112003849873,0.3374616268476017,0.6189910979228487,0.6189910979228487,0.3810089020771513,0.6888662938485003,0.6888662938485003,0.3111337061514997,1043,2448,5420,642,Female,Final Dynamic
r50_dynamic_eo_gradnorm_common_epoch_v2,123,Infiltration,12741,2412,10329,0.4949999999999999,0.7108108206827868,0.353776827388652,0.6268656716417911,0.6268656716417911,0.373134328358209,0.6701519992254816,0.6701519992254816,0.3298480007745183,1512,3407,6922,900,Male,Final Dynamic
r50_dynamic_eo_gradnorm_common_epoch_v2,123,Effusion,9553,1127,8426,0.7699999999999999,0.8705626792972526,0.5133981482136865,0.5696539485359361,0.5696539485359361,0.4303460514640639,0.9197721338713506,0.9197721338713506,0.0802278661286494,642,676,7750,485,Female,Final Dynamic
r50_dynamic_eo_gradnorm_common_epoch_v2,123,Effusion,12741,1426,11315,0.7699999999999999,0.8758865870188082,0.4847704248121965,0.5490883590462833,0.5490883590462833,0.4509116409537166,0.9216968625718074,0.9216968625718074,0.0783031374281926,783,886,10429,643,Male,Final Dynamic
r50_dynamic_eo_gradnorm_common_epoch_v2,123,Atelectasis,9553,848,8705,0.6799999999999999,0.8151143210906767,0.3392773682075735,0.5141509433962265,0.5141509433962265,0.4858490566037736,0.8811028144744399,0.8811028144744399,0.11889718552556,436,1035,7670,412,Female,Final Dynamic
r50_dynamic_eo_gradnorm_common_epoch_v2,123,Atelectasis,12741,1359,11382,0.6799999999999999,0.8112640642331997,0.3561615324256261,0.5577630610743194,0.5577630610743194,0.4422369389256806,0.8597785977859779,0.8597785977859779,0.1402214022140221,758,1596,9786,601,Male,Final Dynamic
r50_dynamic_eo_gradnorm_common_epoch_v2,123,Nodule,9553,576,8977,0.7549999999999999,0.7522443543995149,0.2383034945490525,0.3159722222222222,0.3159722222222222,0.6840277777777778,0.9476439790575916,0.9476439790575916,0.0523560209424083,182,470,8507,394,Female,Final Dynamic
r50_dynamic_eo_gradnorm_common_epoch_v2,123,Nodule,12741,704,12037,0.7549999999999999,0.7748797859063343,0.2214406159342426,0.3522727272727273,0.3522727272727273,0.6477272727272727,0.9447536761651576,0.9447536761651576,0.0552463238348425,248,665,11372,456,Male,Final Dynamic
r50_dynamic_eo_gradnorm_common_epoch_v2,123,Mass,9553,423,9130,0.845,0.8398110818515842,0.2999143775681509,0.3475177304964539,0.3475177304964539,0.6524822695035462,0.968893756845564,0.968893756845564,0.0311062431544359,147,284,8846,276,Female,Final Dynamic
r50_dynamic_eo_gradnorm_common_epoch_v2,123,Mass,12741,653,12088,0.845,0.8303962620213381,0.3026657980247506,0.3767228177641654,0.3767228177641654,0.6232771822358346,0.9623593646591662,0.9623593646591662,0.0376406353408338,246,455,11633,407,Male,Final Dynamic
r50_dynamic_eo_gradnorm_common_epoch_v2,123,Pneumothorax,9553,574,8979,0.72,0.8481752622165619,0.3285233023835759,0.5348432055749129,0.5348432055749129,0.4651567944250871,0.9258269295021716,0.9258269295021716,0.0741730704978282,307,666,8313,267,Female,Final Dynamic
r50_dynamic_eo_gradnorm_common_epoch_v2,123,Pneumothorax,12741,446,12295,0.72,0.8728255497787025,0.2644190318144352,0.5134529147982063,0.5134529147982063,0.4865470852017937,0.952257015046767,0.952257015046767,0.047742984953233,229,587,11708,217,Male,Final Dynamic
r50_dynamic_eo_gradnorm_common_epoch_v2,123,Consolidation,9553,368,9185,0.7649999999999999,0.7943252822418405,0.1473305926004915,0.3614130434782608,0.3614130434782608,0.6385869565217391,0.9215024496461622,0.9215024496461622,0.0784975503538377,133,721,8464,235,Female,Final Dynamic
r50_dynamic_eo_gradnorm_common_epoch_v2,123,Consolidation,12741,583,12158,0.7649999999999999,0.818184075481856,0.1642796614731889,0.3876500857632933,0.3876500857632933,0.6123499142367067,0.913719361737128,0.913719361737128,0.0862806382628721,226,1049,11109,357,Male,Final Dynamic
r50_dynamic_eo_gradnorm_common_epoch_v2,2026,Infiltration,9553,1685,7868,0.57,0.7089583845618883,0.338201928293121,0.5234421364985163,0.5234421364985163,0.4765578635014836,0.7670310116929334,0.7670310116929334,0.2329689883070666,882,1833,6035,803,Female,Final Dynamic
r50_dynamic_eo_gradnorm_common_epoch_v2,2026,Infiltration,12741,2412,10329,0.57,0.7099710968505972,0.3546771161175078,0.5377280265339967,0.5377280265339967,0.4622719734660033,0.7573821279891567,0.7573821279891567,0.2426178720108432,1297,2506,7823,1115,Male,Final Dynamic
r50_dynamic_eo_gradnorm_common_epoch_v2,2026,Effusion,9553,1127,8426,0.6749999999999999,0.8711272267294516,0.52068172077192,0.6486246672582077,0.6486246672582077,0.3513753327417924,0.8899833847614527,0.8899833847614527,0.1100166152385473,731,927,7499,396,Female,Final Dynamic
r50_dynamic_eo_gradnorm_common_epoch_v2,2026,Effusion,12741,1426,11315,0.6749999999999999,0.8777276871236098,0.4800719595960542,0.6367461430575035,0.6367461430575035,0.3632538569424965,0.8958904109589041,0.8958904109589041,0.1041095890410958,908,1178,10137,518,Male,Final Dynamic
r50_dynamic_eo_gradnorm_common_epoch_v2,2026,Atelectasis,9553,848,8705,0.625,0.8176970782352367,0.3363419058168913,0.5589622641509434,0.5589622641509434,0.4410377358490566,0.8744399770246984,0.8744399770246984,0.1255600229753015,474,1093,7612,374,Female,Final Dynamic
r50_dynamic_eo_gradnorm_common_epoch_v2,2026,Atelectasis,12741,1359,11382,0.625,0.8139494876500326,0.3631288779414903,0.5526122148638705,0.5526122148638705,0.4473877851361295,0.8621507643647865,0.8621507643647865,0.1378492356352135,751,1569,9813,608,Male,Final Dynamic
r50_dynamic_eo_gradnorm_common_epoch_v2,2026,Nodule,9553,576,8977,0.7499999999999999,0.7784731311809192,0.2378003957391508,0.3732638888888889,0.3732638888888889,0.6267361111111112,0.9274813412053023,0.9274813412053023,0.0725186587946975,215,651,8326,361,Female,Final Dynamic
r50_dynamic_eo_gradnorm_common_epoch_v2,2026,Nodule,12741,704,12037,0.7499999999999999,0.7753605478751123,0.2190754196873673,0.4005681818181818,0.4005681818181818,0.5994318181818182,0.9249813076347928,0.9249813076347928,0.0750186923652072,282,903,11134,422,Male,Final Dynamic
r50_dynamic_eo_gradnorm_common_epoch_v2,2026,Mass,9553,423,9130,0.845,0.8399573794857055,0.3073299615111871,0.3711583924349881,0.3711583924349881,0.6288416075650118,0.9667031763417304,0.9667031763417304,0.0332968236582694,157,304,8826,266,Female,Final Dynamic
r50_dynamic_eo_gradnorm_common_epoch_v2,2026,Mass,12741,653,12088,0.845,0.828798104355705,0.3024639921432276,0.3797856049004594,0.3797856049004594,0.6202143950995406,0.9604566512243548,0.9604566512243548,0.0395433487756452,248,478,11610,405,Male,Final Dynamic
r50_dynamic_eo_gradnorm_common_epoch_v2,2026,Pneumothorax,9553,574,8979,0.845,0.8561277126302836,0.3544244048350254,0.440766550522648,0.440766550522648,0.5592334494773519,0.9571221739614656,0.9571221739614656,0.0428778260385343,253,385,8594,321,Female,Final Dynamic
r50_dynamic_eo_gradnorm_common_epoch_v2,2026,Pneumothorax,12741,446,12295,0.845,0.885599162589335,0.2640911628542416,0.3654708520179372,0.3654708520179372,0.6345291479820628,0.9744611630744204,0.9744611630744204,0.0255388369255795,163,314,11981,283,Male,Final Dynamic
r50_dynamic_eo_gradnorm_common_epoch_v2,2026,Consolidation,9553,368,9185,0.7999999999999999,0.7877822418404298,0.1311582406547647,0.3152173913043478,0.3152173913043478,0.6847826086956522,0.9307566684812194,0.9307566684812194,0.0692433315187806,116,636,8549,252,Female,Final Dynamic
r50_dynamic_eo_gradnorm_common_epoch_v2,2026,Consolidation,12741,583,12158,0.7999999999999999,0.8236433556232307,0.1686935719743839,0.3636363636363636,0.3636363636363636,0.6363636363636364,0.926714920217141,0.926714920217141,0.073285079782859,212,891,11267,371,Male,Final Dynamic
