model_variant,seed,label,support,positive_support,negative_support,threshold,AUROC,AUPRC,TPR,Recall,FNR,TNR,Specificity,FPR,TP,FP,TN,FN,model
r50_baseline,42,Infiltration,22294,4097,18197,0.5149999999999999,0.7048965523355974,0.3440383207465345,0.5940932389553332,0.5940932389553332,0.4059067610446668,0.7023685222838929,0.7023685222838929,0.297631477716107,2434,5416,12781,1663,Baseline
r50_baseline,42,Effusion,22294,2553,19741,0.7549999999999999,0.8740030139225812,0.4916710584729635,0.5902859381120251,0.5902859381120251,0.4097140618879749,0.9122131604275366,0.9122131604275366,0.0877868395724634,1507,1733,18008,1046,Baseline
r50_baseline,42,Atelectasis,22294,2207,20087,0.7599999999999999,0.8068523242427386,0.3393829066726535,0.513819664703217,0.513819664703217,0.4861803352967829,0.8795240702942202,0.8795240702942202,0.1204759297057798,1134,2420,17667,1073,Baseline
r50_baseline,42,Nodule,22294,1280,21014,0.695,0.764609140781146,0.2202575222383864,0.3828125,0.3828125,0.6171875,0.9189112020557724,0.9189112020557724,0.0810887979442276,490,1704,19310,790,Baseline
r50_baseline,42,Mass,22294,1076,21218,0.71,0.8360705480476875,0.2930462217969033,0.4739776951672863,0.4739776951672863,0.5260223048327137,0.9411820152700536,0.9411820152700536,0.0588179847299462,510,1248,19970,566,Baseline
r50_baseline,42,Pneumothorax,22294,1020,21274,0.7949999999999999,0.8676548931126462,0.3151438671129385,0.4686274509803921,0.4686274509803921,0.5313725490196078,0.954357431606656,0.954357431606656,0.0456425683933439,478,971,20303,542,Baseline
r50_baseline,42,Consolidation,22294,951,21343,0.7599999999999999,0.8102950491725629,0.1488205498830933,0.3438485804416404,0.3438485804416404,0.6561514195583596,0.931078105233566,0.931078105233566,0.0689218947664339,327,1471,19872,624,Baseline
r50_baseline,123,Infiltration,22294,4097,18197,0.4699999999999999,0.7062604257053853,0.3476226949989024,0.5484500854283623,0.5484500854283623,0.4515499145716378,0.7455624553497829,0.7455624553497829,0.254437544650217,2247,4630,13567,1850,Baseline
r50_baseline,123,Effusion,22294,2553,19741,0.6449999999999999,0.8700399114875276,0.4901959950140691,0.6870348609479044,0.6870348609479044,0.3129651390520955,0.8722962362595613,0.8722962362595613,0.1277037637404386,1754,2521,17220,799,Baseline
r50_baseline,123,Atelectasis,22294,2207,20087,0.565,0.8065228219185825,0.3344560006062811,0.5419120978704123,0.5419120978704123,0.4580879021295876,0.8605067954398367,0.8605067954398367,0.1394932045601633,1196,2802,17285,1011,Baseline
r50_baseline,123,Nodule,22294,1280,21014,0.73,0.7655717430938898,0.2284599694865772,0.34921875,0.34921875,0.65078125,0.9422765775197488,0.9422765775197488,0.0577234224802512,447,1213,19801,833,Baseline
r50_baseline,123,Mass,22294,1076,21218,0.825,0.8283480069352634,0.2874149733137657,0.3745353159851301,0.3745353159851301,0.6254646840148699,0.9616834762937128,0.9616834762937128,0.0383165237062871,403,813,20405,673,Baseline
r50_baseline,123,Pneumothorax,22294,1020,21274,0.8499999999999999,0.864024990460601,0.2984587328136506,0.4,0.4,0.6,0.9670959857102568,0.9670959857102568,0.0329040142897433,408,700,20574,612,Baseline
r50_baseline,123,Consolidation,22294,951,21343,0.7549999999999999,0.8026328074034671,0.1434814839464047,0.3196635120925342,0.3196635120925342,0.6803364879074658,0.9294850770744506,0.9294850770744506,0.0705149229255493,304,1505,19838,647,Baseline
r50_baseline,2026,Infiltration,22294,4097,18197,0.62,0.709480271305654,0.3510723641186901,0.5089089577739809,0.5089089577739809,0.491091042226019,0.7886464801890422,0.7886464801890422,0.2113535198109578,2085,3846,14351,2012,Baseline
r50_baseline,2026,Effusion,22294,2553,19741,0.7449999999999999,0.8713792496495897,0.4912456620133477,0.654132393262828,0.654132393262828,0.3458676067371719,0.8878476267666279,0.8878476267666279,0.1121523732333721,1670,2214,17527,883,Baseline
r50_baseline,2026,Atelectasis,22294,2207,20087,0.715,0.8143329349229358,0.3480101988494531,0.5033982782057091,0.5033982782057091,0.4966017217942909,0.8880370388808683,0.8880370388808683,0.1119629611191317,1111,2249,17838,1096,Baseline
r50_baseline,2026,Nodule,22294,1280,21014,0.7849999999999999,0.7686735256852575,0.2229066581410323,0.32265625,0.32265625,0.67734375,0.9496526125440182,0.9496526125440182,0.0503473874559817,413,1058,19956,867,Baseline
r50_baseline,2026,Mass,22294,1076,21218,0.8699999999999999,0.8344762162728495,0.2889771641459532,0.4014869888475836,0.4014869888475836,0.5985130111524164,0.9563106796116504,0.9563106796116504,0.0436893203883495,432,927,20291,644,Baseline
r50_baseline,2026,Pneumothorax,22294,1020,21274,0.8949999999999999,0.8755181230149294,0.3153103600260565,0.4764705882352941,0.4764705882352941,0.5235294117647059,0.954357431606656,0.954357431606656,0.0456425683933439,486,971,20303,534,Baseline
r50_baseline,2026,Consolidation,22294,951,21343,0.7899999999999999,0.810220014166491,0.1503729386149097,0.4532071503680336,0.4532071503680336,0.5467928496319664,0.8977650752002999,0.8977650752002999,0.1022349247997001,431,2182,19161,520,Baseline
r50_static_grl,42,Infiltration,22294,4097,18197,0.5099999999999999,0.6997753775768091,0.3401153817123076,0.5474737612887479,0.5474737612887479,0.4525262387112521,0.7388580535253064,0.7388580535253064,0.2611419464746936,2243,4752,13445,1854,Static GRL
r50_static_grl,42,Effusion,22294,2553,19741,0.735,0.8678260183040567,0.4799017433210488,0.6654915785350568,0.6654915785350568,0.3345084214649432,0.8749303480066866,0.8749303480066866,0.1250696519933134,1699,2469,17272,854,Static GRL
r50_static_grl,42,Atelectasis,22294,2207,20087,0.6449999999999999,0.8074200630068444,0.3391729284086752,0.6284549161758043,0.6284549161758043,0.3715450838241957,0.8160501817095634,0.8160501817095634,0.1839498182904366,1387,3695,16392,820,Static GRL
r50_static_grl,42,Nodule,22294,1280,21014,0.7599999999999999,0.7641213335454934,0.2209437007538268,0.38671875,0.38671875,0.61328125,0.928000380698582,0.928000380698582,0.0719996193014181,495,1513,19501,785,Static GRL
r50_static_grl,42,Mass,22294,1076,21218,0.8899999999999999,0.8373026023706461,0.3023211505533433,0.3094795539033457,0.3094795539033457,0.6905204460966543,0.9722876802714676,0.9722876802714676,0.0277123197285323,333,588,20630,743,Static GRL
r50_static_grl,42,Pneumothorax,22294,1020,21274,0.8799999999999999,0.8736196904257614,0.3317559486126971,0.4549019607843137,0.4549019607843137,0.5450980392156862,0.9618783491585974,0.9618783491585974,0.0381216508414026,464,811,20463,556,Static GRL
r50_static_grl,42,Consolidation,22294,951,21343,0.7899999999999999,0.8135646638429265,0.1527874991245812,0.3722397476340694,0.3722397476340694,0.6277602523659306,0.9218947664339596,0.9218947664339596,0.0781052335660403,354,1667,19676,597,Static GRL
r50_static_grl,123,Infiltration,22294,4097,18197,0.58,0.7043739517288273,0.3446953945669927,0.5196485233097389,0.5196485233097389,0.4803514766902612,0.7757322635599274,0.7757322635599274,0.2242677364400725,2129,4081,14116,1968,Static GRL
r50_static_grl,123,Effusion,22294,2553,19741,0.62,0.8762029186702621,0.4926613952143069,0.7081864473168821,0.7081864473168821,0.2918135526831179,0.8623676612127045,0.8623676612127045,0.1376323387872954,1808,2717,17024,745,Static GRL
r50_static_grl,123,Atelectasis,22294,2207,20087,0.69,0.8082647912482379,0.3423324179907753,0.5278658812868147,0.5278658812868147,0.4721341187131853,0.8692686812366207,0.8692686812366207,0.1307313187633793,1165,2626,17461,1042,Static GRL
r50_static_grl,123,Nodule,22294,1280,21014,0.6749999999999999,0.7728700211763587,0.2325967551818156,0.365625,0.365625,0.634375,0.9362805748548588,0.9362805748548588,0.0637194251451413,468,1339,19675,812,Static GRL
r50_static_grl,123,Mass,22294,1076,21218,0.8599999999999999,0.8308478571360994,0.2865775565972105,0.3866171003717472,0.3866171003717472,0.6133828996282528,0.9605523612027524,0.9605523612027524,0.0394476387972476,416,837,20381,660,Static GRL
r50_static_grl,123,Pneumothorax,22294,1020,21274,0.7849999999999999,0.8688469032437643,0.3036498168430289,0.4627450980392157,0.4627450980392157,0.5372549019607843,0.9555795807088464,0.9555795807088464,0.0444204192911535,472,945,20329,548,Static GRL
r50_static_grl,123,Consolidation,22294,951,21343,0.7849999999999999,0.8108113767258359,0.1478846058413322,0.2965299684542586,0.2965299684542586,0.7034700315457413,0.9374970716394134,0.9374970716394134,0.0625029283605866,282,1334,20009,669,Static GRL
r50_static_grl,2026,Infiltration,22294,4097,18197,0.4849999999999999,0.7086337606658363,0.3503202273086646,0.6202099096900171,0.6202099096900171,0.3797900903099829,0.6790679782381711,0.6790679782381711,0.3209320217618289,2541,5840,12357,1556,Static GRL
r50_static_grl,2026,Effusion,22294,2553,19741,0.6599999999999999,0.8753851805082635,0.4972840036598602,0.6447316882099491,0.6447316882099491,0.3552683117900509,0.8907856744845752,0.8907856744845752,0.1092143255154247,1646,2156,17585,907,Static GRL
r50_static_grl,2026,Atelectasis,22294,2207,20087,0.6599999999999999,0.8066319417195823,0.3359798142740049,0.4662437698232895,0.4662437698232895,0.5337562301767105,0.8973465425399512,0.8973465425399512,0.1026534574600488,1029,2062,18025,1178,Static GRL
r50_static_grl,2026,Nodule,22294,1280,21014,0.72,0.7686818720555345,0.2274267338772461,0.3875,0.3875,0.6125,0.9255258399162464,0.9255258399162464,0.0744741600837536,496,1565,19449,784,Static GRL
r50_static_grl,2026,Mass,22294,1076,21218,0.8949999999999999,0.8384542381950375,0.2875661713674251,0.3559479553903346,0.3559479553903346,0.6440520446096655,0.9663021962484682,0.9663021962484682,0.0336978037515317,383,715,20503,693,Static GRL
r50_static_grl,2026,Pneumothorax,22294,1020,21274,0.7599999999999999,0.8628924287586616,0.2769923900808076,0.4715686274509804,0.4715686274509804,0.5284313725490196,0.9470715427282128,0.9470715427282128,0.0529284572717871,481,1126,20148,539,Static GRL
r50_static_grl,2026,Consolidation,22294,951,21343,0.715,0.8096899408701489,0.1477699478638379,0.3480546792849632,0.3480546792849632,0.6519453207150369,0.9237689172093896,0.9237689172093896,0.0762310827906105,331,1627,19716,620,Static GRL
r50_dynamic_grl,42,Infiltration,22294,4097,18197,0.5499999999999999,0.7054937306504547,0.347268944665454,0.4984134732731267,0.4984134732731267,0.5015865267268733,0.7866681321096884,0.7866681321096884,0.2133318678903115,2042,3882,14315,2055,Standard Dynamic GRL
r50_dynamic_grl,42,Effusion,22294,2553,19741,0.7449999999999999,0.8742886756389883,0.4937107431965425,0.6415981198589894,0.6415981198589894,0.3584018801410106,0.8961045539739628,0.8961045539739628,0.1038954460260371,1638,2051,17690,915,Standard Dynamic GRL
r50_dynamic_grl,42,Atelectasis,22294,2207,20087,0.7549999999999999,0.8067671262089657,0.3387369703801505,0.4893520616221115,0.4893520616221115,0.5106479383778886,0.8914720963807438,0.8914720963807438,0.1085279036192562,1080,2180,17907,1127,Standard Dynamic GRL
r50_dynamic_grl,42,Nodule,22294,1280,21014,0.7,0.7694457601182545,0.2260567919045044,0.41875,0.41875,0.58125,0.9135814219092034,0.9135814219092034,0.0864185780907966,536,1816,19198,744,Standard Dynamic GRL
r50_dynamic_grl,42,Mass,22294,1076,21218,0.8749999999999999,0.8302325417396536,0.299353412594659,0.3280669144981412,0.3280669144981412,0.6719330855018587,0.9745499104533888,0.9745499104533888,0.0254500895466113,353,540,20678,723,Standard Dynamic GRL
r50_dynamic_grl,42,Pneumothorax,22294,1020,21274,0.72,0.8690192806463566,0.3071002325174858,0.5088235294117647,0.5088235294117647,0.4911764705882352,0.9477766287487074,0.9477766287487074,0.0522233712512926,519,1111,20163,501,Standard Dynamic GRL
r50_dynamic_grl,42,Consolidation,22294,951,21343,0.7499999999999999,0.8105810000427153,0.1503374299042495,0.3680336487907465,0.3680336487907465,0.6319663512092534,0.9224101578972028,0.9224101578972028,0.0775898421027971,350,1656,19687,601,Standard Dynamic GRL
r50_dynamic_grl,123,Infiltration,22294,4097,18197,0.5149999999999999,0.6985668230147183,0.3444438322544425,0.5228215767634855,0.5228215767634855,0.4771784232365145,0.7591910754519976,0.7591910754519976,0.2408089245480024,2142,4382,13815,1955,Standard Dynamic GRL
r50_dynamic_grl,123,Effusion,22294,2553,19741,0.69,0.8706578332770125,0.4945915791954718,0.6392479435957696,0.6392479435957696,0.3607520564042303,0.8908363304797122,0.8908363304797122,0.1091636695202877,1632,2155,17586,921,Standard Dynamic GRL
r50_dynamic_grl,123,Atelectasis,22294,2207,20087,0.565,0.8080024300274773,0.3414569217950243,0.5555052106932488,0.5555052106932488,0.4444947893067512,0.8594115597152387,0.8594115597152387,0.1405884402847612,1226,2824,17263,981,Standard Dynamic GRL
r50_dynamic_grl,123,Nodule,22294,1280,21014,0.705,0.7660087471447606,0.2271638034005989,0.3328125,0.3328125,0.6671875,0.9469877224707338,0.9469877224707338,0.0530122775292662,426,1114,19900,854,Standard Dynamic GRL
r50_dynamic_grl,123,Mass,22294,1076,21218,0.82,0.8355018149351343,0.2896883062489964,0.3894052044609665,0.3894052044609665,0.6105947955390335,0.9606937505891224,0.9606937505891224,0.0393062494108775,419,834,20384,657,Standard Dynamic GRL
r50_dynamic_grl,123,Pneumothorax,22294,1020,21274,0.84,0.8572815569774023,0.2823371278832016,0.4019607843137255,0.4019607843137255,0.5980392156862745,0.9644636645670772,0.9644636645670772,0.0355363354329228,410,756,20518,610,Standard Dynamic GRL
r50_dynamic_grl,123,Consolidation,22294,951,21343,0.725,0.8080721309591924,0.1394660827983142,0.3764458464773922,0.3764458464773922,0.6235541535226078,0.9085414421590216,0.9085414421590216,0.0914585578409783,358,1952,19391,593,Standard Dynamic GRL
r50_dynamic_grl,2026,Infiltration,22294,4097,18197,0.585,0.7064255026574411,0.3462440552418747,0.4652184525262387,0.4652184525262387,0.5347815474737613,0.8222234434247403,0.8222234434247403,0.1777765565752596,1906,3235,14962,2191,Standard Dynamic GRL
r50_dynamic_grl,2026,Effusion,22294,2553,19741,0.6799999999999999,0.8739584096620766,0.4904312624989465,0.6310223266745005,0.6310223266745005,0.3689776733254994,0.8963071779545109,0.8963071779545109,0.103692822045489,1611,2047,17694,942,Standard Dynamic GRL
r50_dynamic_grl,2026,Atelectasis,22294,2207,20087,0.6449999999999999,0.8059685271651008,0.3364506926125514,0.4852741277752605,0.4852741277752605,0.5147258722247394,0.8873898541345149,0.8873898541345149,0.1126101458654851,1071,2262,17825,1136,Standard Dynamic GRL
r50_dynamic_grl,2026,Nodule,22294,1280,21014,0.725,0.7533800754853908,0.2244447396916828,0.4171875,0.4171875,0.5828125,0.9048729418482916,0.9048729418482916,0.0951270581517083,534,1999,19015,746,Standard Dynamic GRL
r50_dynamic_grl,2026,Mass,22294,1076,21218,0.8699999999999999,0.8379639306389574,0.2899414541118136,0.4386617100371747,0.4386617100371747,0.5613382899628253,0.9545197473842963,0.9545197473842963,0.0454802526157036,472,965,20253,604,Standard Dynamic GRL
r50_dynamic_grl,2026,Pneumothorax,22294,1020,21274,0.8049999999999999,0.8648409547141223,0.2916334654958844,0.4617647058823529,0.4617647058823529,0.538235294117647,0.9529002538309672,0.9529002538309672,0.0470997461690326,471,1002,20272,549,Standard Dynamic GRL
r50_dynamic_grl,2026,Consolidation,22294,951,21343,0.6699999999999999,0.808453218137109,0.1447598308068594,0.3995793901156677,0.3995793901156677,0.6004206098843323,0.9016539380593168,0.9016539380593168,0.0983460619406831,380,2099,19244,571,Standard Dynamic GRL
r50_dynamic_eo_gradnorm_common_epoch_v2,42,Infiltration,22294,4097,18197,0.5049999999999999,0.7067041295353624,0.3438365233304444,0.5960458872345619,0.5960458872345619,0.4039541127654381,0.7051711820629775,0.7051711820629775,0.2948288179370226,2442,5365,12832,1655,Final Dynamic
r50_dynamic_eo_gradnorm_common_epoch_v2,42,Effusion,22294,2553,19741,0.7499999999999999,0.8743014338860987,0.4920490774612053,0.5965530748139444,0.5965530748139444,0.4034469251860556,0.9085659287776708,0.9085659287776708,0.0914340712223291,1523,1805,17936,1030,Final Dynamic
r50_dynamic_eo_gradnorm_common_epoch_v2,42,Atelectasis,22294,2207,20087,0.7,0.8134380736050107,0.3477410410017179,0.4898051653828726,0.4898051653828726,0.5101948346171273,0.8947080201125106,0.8947080201125106,0.1052919798874894,1081,2115,17972,1126,Final Dynamic
r50_dynamic_eo_gradnorm_common_epoch_v2,42,Nodule,22294,1280,21014,0.715,0.770277181283906,0.2273996263808212,0.38359375,0.38359375,0.61640625,0.9274293328257353,0.9274293328257353,0.0725706671742647,491,1525,19489,789,Final Dynamic
r50_dynamic_eo_gradnorm_common_epoch_v2,42,Mass,22294,1076,21218,0.7799999999999999,0.8375167669941457,0.2926087119844101,0.4488847583643122,0.4488847583643122,0.5511152416356877,0.9486756527476672,0.9486756527476672,0.0513243472523329,483,1089,20129,593,Final Dynamic
r50_dynamic_eo_gradnorm_common_epoch_v2,42,Pneumothorax,22294,1020,21274,0.6599999999999999,0.8685999848844304,0.3245417928999296,0.5392156862745098,0.5392156862745098,0.4607843137254901,0.9409607972172606,0.9409607972172606,0.0590392027827395,550,1256,20018,470,Final Dynamic
r50_dynamic_eo_gradnorm_common_epoch_v2,42,Consolidation,22294,951,21343,0.7499999999999999,0.809197877755806,0.1471437519682242,0.4248159831756046,0.4248159831756046,0.5751840168243953,0.9023098908307172,0.9023098908307172,0.0976901091692826,404,2085,19258,547,Final Dynamic
r50_dynamic_eo_gradnorm_common_epoch_v2,123,Infiltration,22294,4097,18197,0.4949999999999999,0.7104156112389626,0.3461844810194257,0.6236270441786673,0.6236270441786673,0.3763729558213327,0.6782436665384404,0.6782436665384404,0.3217563334615596,2555,5855,12342,1542,Final Dynamic
r50_dynamic_eo_gradnorm_common_epoch_v2,123,Effusion,22294,2553,19741,0.7699999999999999,0.8735515247563665,0.4967471206251914,0.5581668625146886,0.5581668625146886,0.4418331374853114,0.9208753355959678,0.9208753355959678,0.0791246644040322,1425,1562,18179,1128,Final Dynamic
r50_dynamic_eo_gradnorm_common_epoch_v2,123,Atelectasis,22294,2207,20087,0.6799999999999999,0.8132547861749284,0.3479850657672428,0.5410058903488899,0.5410058903488899,0.4589941096511101,0.8690197640264848,0.8690197640264848,0.1309802359735152,1194,2631,17456,1013,Final Dynamic
r50_dynamic_eo_gradnorm_common_epoch_v2,123,Nodule,22294,1280,21014,0.7549999999999999,0.7652034060626248,0.2286162863661568,0.3359375,0.3359375,0.6640625,0.945988388693252,0.945988388693252,0.0540116113067478,430,1135,19879,850,Final Dynamic
r50_dynamic_eo_gradnorm_common_epoch_v2,123,Mass,22294,1076,21218,0.845,0.834149329968488,0.2992336411877247,0.3652416356877323,0.3652416356877323,0.6347583643122676,0.9651710811575078,0.9651710811575078,0.0348289188424922,393,739,20479,683,Final Dynamic
r50_dynamic_eo_gradnorm_common_epoch_v2,123,Pneumothorax,22294,1020,21274,0.72,0.8612774130993002,0.2980250664058918,0.5254901960784314,0.5254901960784314,0.4745098039215686,0.9411018144213594,0.9411018144213594,0.0588981855786405,536,1253,20021,484,Final Dynamic
r50_dynamic_eo_gradnorm_common_epoch_v2,123,Consolidation,22294,951,21343,0.7649999999999999,0.8095554641471853,0.1560634018202983,0.3774973711882229,0.3774973711882229,0.6225026288117771,0.9170688281872276,0.9170688281872276,0.0829311718127723,359,1770,19573,592,Final Dynamic
r50_dynamic_eo_gradnorm_common_epoch_v2,2026,Infiltration,22294,4097,18197,0.57,0.7096233773429892,0.3475275110809154,0.5318525750549182,0.5318525750549182,0.4681474249450817,0.761554102324559,0.761554102324559,0.238445897675441,2179,4339,13858,1918,Final Dynamic
r50_dynamic_eo_gradnorm_common_epoch_v2,2026,Effusion,22294,2553,19741,0.6749999999999999,0.8748225080797105,0.49678189149021,0.6419898159028594,0.6419898159028594,0.3580101840971406,0.8933691302365635,0.8933691302365635,0.1066308697634365,1639,2105,17636,914,Final Dynamic
r50_dynamic_eo_gradnorm_common_epoch_v2,2026,Atelectasis,22294,2207,20087,0.625,0.8157808390772456,0.3522541300968985,0.5550521069324875,0.5550521069324875,0.4449478930675125,0.8674764773236422,0.8674764773236422,0.1325235226763578,1225,2662,17425,982,Final Dynamic
r50_dynamic_eo_gradnorm_common_epoch_v2,2026,Nodule,22294,1280,21014,0.7499999999999999,0.7765722777077186,0.2269453254095065,0.38828125,0.38828125,0.61171875,0.9260493004663558,0.9260493004663558,0.0739506995336442,497,1554,19460,783,Final Dynamic
r50_dynamic_eo_gradnorm_common_epoch_v2,2026,Mass,22294,1076,21218,0.845,0.8333227627100648,0.3022907658850491,0.3763940520446097,0.3763940520446097,0.6236059479553904,0.9631444999528702,0.9631444999528702,0.0368555000471297,405,782,20436,671,Final Dynamic
r50_dynamic_eo_gradnorm_common_epoch_v2,2026,Pneumothorax,22294,1020,21274,0.845,0.8703772164125593,0.3137802897936939,0.4078431372549019,0.4078431372549019,0.592156862745098,0.9671429914449564,0.9671429914449564,0.0328570085550437,416,699,20575,604,Final Dynamic
r50_dynamic_eo_gradnorm_common_epoch_v2,2026,Consolidation,22294,951,21343,0.7999999999999999,0.8101668541063782,0.1517471616692483,0.3449001051524711,0.3449001051524711,0.655099894847529,0.9284542941479642,0.9284542941479642,0.0715457058520357,328,1527,19816,623,Final Dynamic
