model_variant,seed,model,label,selected_threshold,test_AUROC,test_AUPRC,female_AUROC,male_AUROC,female_FNR,male_FNR,female_FPR,male_FPR,FNR_gap,FPR_gap,Equalized_Odds_gap,AUROC_gap,AUPRC_gap,Worst_group_Recall,Worst_group_AUROC
r50_baseline,42,Baseline,Infiltration,0.5149999999999999,0.7048965523355974,0.3440383207465345,0.7030369795995951,0.7059707433080187,0.4112759643916914,0.4021558872305141,0.2910523640061007,0.3026430438571014,0.0091200771611772,0.0115906798510007,0.0115906798510007,0.0029337637084235,0.0183627629910536,0.5887240356083087,0.7030369795995951
r50_baseline,42,Baseline,Effusion,0.7549999999999999,0.8740030139225812,0.4916710584729635,0.8701555648833597,0.8771016951148389,0.3984028393966282,0.4186535764375876,0.0905530500830762,0.0857269111798497,0.0202507370409594,0.0048261389032264,0.0202507370409593,0.0069461302314792,0.0280687285935976,0.5813464235624124,0.8701555648833597
r50_baseline,42,Baseline,Atelectasis,0.7599999999999999,0.8068523242427386,0.3393829066726535,0.808642831597542,0.8043633952580459,0.5224056603773585,0.4635761589403973,0.1018954623779437,0.1346863468634686,0.0588295014369611,0.0327908844855249,0.058829501436961,0.0042794363394961,0.026997405209189,0.4775943396226415,0.8043633952580459
r50_baseline,42,Baseline,Nodule,0.695,0.764609140781146,0.2202575222383864,0.7629189139219982,0.766335050261693,0.6284722222222222,0.6079545454545454,0.0726300545839367,0.0873971919913599,0.0205176767676767,0.0147671374074232,0.0205176767676767,0.0034161363396948,0.0293145826436645,0.3715277777777778,0.7629189139219982
r50_baseline,42,Baseline,Mass,0.71,0.8360705480476875,0.2930462217969033,0.8438843704929324,0.830810148750916,0.5295508274231678,0.5237366003062787,0.0550930996714129,0.061631369953673,0.0058142271168891,0.0065382702822601,0.0065382702822601,0.0130742217420164,0.0273463919575353,0.4704491725768321,0.830810148750916
r50_baseline,42,Baseline,Pneumothorax,0.7949999999999999,0.8676548931126462,0.3151438671129385,0.8536418503414664,0.8745136836039294,0.4808362369337979,0.5964125560538116,0.0628132308720347,0.0331028873525823,0.1155763191200137,0.0297103435194523,0.1155763191200137,0.020871833262463,0.0877896759063797,0.4035874439461883,0.8536418503414664
r50_baseline,42,Baseline,Consolidation,0.7599999999999999,0.8102950491725629,0.1488205498830933,0.790074791129204,0.8225666235052089,0.6902173913043478,0.6346483704974271,0.0678279804028307,0.0697483138674124,0.0555690208069207,0.0019203334645817,0.0555690208069207,0.0324918323760049,0.0354655308849872,0.3097826086956521,0.790074791129204
r50_baseline,123,Baseline,Infiltration,0.4699999999999999,0.7062604257053853,0.3476226949989024,0.7048376098805362,0.7072885403556329,0.4629080118694362,0.4436152570480928,0.242755465175394,0.2633362377771323,0.0192927548213433,0.0205807726017383,0.0205807726017383,0.0024509304750967,0.0114516502103468,0.5370919881305638,0.7048376098805362
r50_baseline,123,Baseline,Effusion,0.6449999999999999,0.8700399114875276,0.4901959950140691,0.8655469370484858,0.8742901694990886,0.3318544809228039,0.2980364656381487,0.1234274863517683,0.1308882015024304,0.0338180152846552,0.007460715150662,0.0338180152846552,0.0087432324506027,0.0197586201767588,0.6681455190771961,0.8655469370484858
r50_baseline,123,Baseline,Atelectasis,0.565,0.8065228219185825,0.3344560006062811,0.8102203515654632,0.8025879714804717,0.5011792452830188,0.4311994113318617,0.119586444572085,0.1547179757511861,0.0699798339511571,0.035131531179101,0.0699798339511572,0.0076323800849915,0.0108309249875138,0.4988207547169811,0.8025879714804717
r50_baseline,123,Baseline,Nodule,0.73,0.7655717430938898,0.2284599694865772,0.7549805134727017,0.7757977651294872,0.6822916666666666,0.625,0.0505736883145817,0.0630555786325496,0.0572916666666666,0.0124818903179679,0.0572916666666666,0.0208172516567854,0.0174272466061591,0.3177083333333333,0.7549805134727017
r50_baseline,123,Baseline,Mass,0.825,0.8283480069352634,0.2874149733137657,0.837543080121906,0.8220891993679833,0.6737588652482269,0.5941807044410413,0.024972617743702,0.0483951025810721,0.0795781608071856,0.02342248483737,0.0795781608071855,0.0154538807539227,0.0028174208113984,0.3262411347517731,0.8220891993679833
r50_baseline,123,Baseline,Pneumothorax,0.8499999999999999,0.864024990460601,0.2984587328136506,0.8451006277520174,0.8792501964960783,0.5871080139372822,0.6165919282511211,0.0442142777592159,0.0246441642944286,0.0294839143138389,0.0195701134647873,0.0294839143138388,0.0341495687440608,0.0336197254668921,0.3834080717488789,0.8451006277520174
r50_baseline,123,Baseline,Consolidation,0.7549999999999999,0.8026328074034671,0.1434814839464047,0.790423895292419,0.8098523810424043,0.7282608695652174,0.6500857632933105,0.0513881328252585,0.0849646323408455,0.0781751062719069,0.0335764995155869,0.0781751062719069,0.0194284857499853,0.0083034460933166,0.2717391304347826,0.790423895292419
r50_baseline,2026,Baseline,Infiltration,0.62,0.709480271305654,0.3510723641186901,0.7092529330390615,0.7092083191041276,0.5234421364985163,0.4684908789386401,0.1912811387900355,0.2266434311162745,0.0549512575598762,0.035362292326239,0.0549512575598761,4.461393493382371e-05,0.0103191653681218,0.4765578635014836,0.7092083191041276
r50_baseline,2026,Baseline,Effusion,0.7449999999999999,0.8713792496495897,0.4912456620133477,0.8680761327121381,0.8745024074708757,0.3469387755102041,0.3450210378681627,0.1129836221220033,0.1115333627927529,0.0019177376420413,0.0014502593292503,0.0019177376420413,0.0064262747587375,0.033762557153165,0.6530612244897959,0.8680761327121381
r50_baseline,2026,Baseline,Atelectasis,0.715,0.8143329349229358,0.3480101988494531,0.8151341670911318,0.8124996040247378,0.5247641509433962,0.4790286975717439,0.0991384261918437,0.1217712177121771,0.0457354533716523,0.0226327915203333,0.0457354533716523,0.002634563066394,0.025048587765976,0.4752358490566037,0.8124996040247378
r50_baseline,2026,Baseline,Nodule,0.7849999999999999,0.7686735256852575,0.2229066581410323,0.7745121019147699,0.7651109599567998,0.6892361111111112,0.6676136363636364,0.0496825220006683,0.0508432333637949,0.0216224747474748,0.0011607113631265,0.0216224747474747,0.0094011419579701,0.0213681668617003,0.3107638888888889,0.7651109599567998
r50_baseline,2026,Baseline,Mass,0.8699999999999999,0.8344762162728495,0.2889771641459532,0.8423519998757119,0.828466057487562,0.6359338061465721,0.5742725880551302,0.0323110624315443,0.0522832561217736,0.0616612180914419,0.0199721936902293,0.0616612180914419,0.0138859423881498,0.0147805316420874,0.3640661938534279,0.828466057487562
r50_baseline,2026,Baseline,Pneumothorax,0.8949999999999999,0.8755181230149294,0.3153103600260565,0.8533461545774831,0.898484563888124,0.4930313588850174,0.5627802690582959,0.0575787949660318,0.0369255795038633,0.0697489101732785,0.0206532154621684,0.0697489101732786,0.0451384093106409,0.0903622617792956,0.437219730941704,0.8533461545774831
r50_baseline,2026,Baseline,Consolidation,0.7899999999999999,0.810220014166491,0.1503729386149097,0.7930211710965421,0.8212231067389717,0.6222826086956522,0.4991423670668953,0.086336418072945,0.1142457641059384,0.1231402416287568,0.0279093460329934,0.1231402416287567,0.0282019356424295,0.0360413075975252,0.3777173913043478,0.7930211710965421
r50_static_grl,42,Static GRL,Infiltration,0.5099999999999999,0.6997753775768091,0.3401153817123076,0.7006324683690387,0.6987493912950496,0.4611275964391691,0.4465174129353234,0.251779359430605,0.2682737922354535,0.0146101835038457,0.0164944328048485,0.0164944328048485,0.001883077073989,0.0093295603067253,0.5388724035608309,0.6987493912950496
r50_static_grl,42,Static GRL,Effusion,0.735,0.8678260183040567,0.4799017433210488,0.8669289251526573,0.8687424814954146,0.3309671694764862,0.3373071528751753,0.1229527652504153,0.126646045072912,0.006339983398689,0.0036932798224966,0.006339983398689,0.0018135563427572,0.0210822891608507,0.6626928471248247,0.8669289251526573
r50_static_grl,42,Static GRL,Atelectasis,0.6449999999999999,0.8074200630068444,0.3391729284086752,0.8057917809109924,0.8079376780838133,0.3891509433962264,0.3605592347314201,0.1792073520964962,0.1875768757687577,0.0285917086648062,0.0083695236722614,0.0285917086648063,0.0021458971728209,0.0332243460793064,0.6108490566037735,0.8057917809109924
r50_static_grl,42,Static GRL,Nodule,0.7599999999999999,0.7641213335454934,0.2209437007538268,0.7550433669996164,0.7730536220705854,0.6579861111111112,0.5767045454545454,0.0622702461846942,0.0792556284788568,0.0812815656565657,0.0169853822941626,0.0812815656565656,0.0180102550709689,0.0074286639497679,0.3420138888888889,0.7550433669996164
r50_static_grl,42,Static GRL,Mass,0.8899999999999999,0.8373026023706461,0.3023211505533433,0.8423811299356032,0.8329638293149877,0.6973995271867612,0.6860643185298622,0.0216867469879518,0.0322634017207147,0.011335208656899,0.0105766547327629,0.011335208656899,0.0094173006206155,0.0084810454064123,0.3026004728132387,0.8329638293149877
r50_static_grl,42,Static GRL,Pneumothorax,0.8799999999999999,0.8736196904257614,0.3317559486126971,0.8547039491682684,0.8921605815189739,0.519163763066202,0.57847533632287,0.0485577458514311,0.0305002033346888,0.0593115732566679,0.0180575425167422,0.0593115732566678,0.0374566323507055,0.0493809628354787,0.42152466367713,0.8547039491682684
r50_static_grl,42,Static GRL,Consolidation,0.7899999999999999,0.8135646638429265,0.1527874991245812,0.8007269058720503,0.8203997565501909,0.6521739130434783,0.6123499142367067,0.0656505171475231,0.0875143938147721,0.0398239988067715,0.021863876667249,0.0398239988067715,0.0196728506781406,0.0265293839853192,0.3478260869565217,0.8007269058720503
r50_static_grl,123,Static GRL,Infiltration,0.58,0.7043739517288273,0.3446953945669927,0.6993273659295286,0.7072086842066814,0.5097922848664689,0.4597844112769486,0.2048805287239451,0.2390357246587278,0.0500078735895203,0.0341551959347827,0.0500078735895202,0.0078813182771527,0.0227702622328179,0.4902077151335312,0.6993273659295286
r50_static_grl,123,Static GRL,Effusion,0.62,0.8762029186702621,0.4926613952143069,0.8734767170782286,0.8786180701931616,0.2839396628216504,0.2980364656381487,0.1406361262758129,0.1353954927087936,0.0140968028164982,0.0052406335670193,0.0140968028164982,0.005141353114933,0.0216667837143145,0.7019635343618513,0.8734767170782286
r50_static_grl,123,Static GRL,Atelectasis,0.69,0.8082647912482379,0.3423324179907753,0.8077459007510321,0.8081587454158994,0.4870283018867924,0.4628403237674761,0.1184376794945433,0.1401335441925847,0.0241879781193163,0.0216958646980414,0.0241879781193163,0.0004128446648672,0.0233792633842743,0.5129716981132075,0.8077459007510321
r50_static_grl,123,Static GRL,Nodule,0.6749999999999999,0.7728700211763587,0.2325967551818156,0.7684750690035028,0.7773343389133505,0.6597222222222222,0.6136363636363636,0.058148601982845,0.0678740549970923,0.0460858585858585,0.0097254530142472,0.0460858585858585,0.0088592699098476,0.0106670018286201,0.3402777777777778,0.7684750690035028
r50_static_grl,123,Static GRL,Mass,0.8599999999999999,0.8308478571360994,0.2865775565972105,0.831733898844896,0.8309693944255653,0.5910165484633569,0.6278713629402757,0.0388828039430449,0.0398742554599602,0.0368548144769187,0.0009914515169153,0.0368548144769186,0.0007645044193307,0.0007598986741736,0.3721286370597244,0.8309693944255653
r50_static_grl,123,Static GRL,Pneumothorax,0.7849999999999999,0.8688469032437643,0.3036498168430289,0.8551121800655266,0.8799238452322119,0.5121951219512195,0.5695067264573991,0.0599175854772246,0.0331028873525823,0.0573116045061795,0.0268146981246422,0.0573116045061795,0.0248116651666853,0.0414428571186559,0.4304932735426009,0.8551121800655266
r50_static_grl,123,Static GRL,Consolidation,0.7849999999999999,0.8108113767258359,0.1478846058413322,0.7905286265413837,0.8231066825392481,0.720108695652174,0.692967409948542,0.0575939031028851,0.0662115479519657,0.0271412857036319,0.0086176448490806,0.0271412857036318,0.0325780559978644,0.0286665587071358,0.2798913043478261,0.7905286265413837
r50_static_grl,2026,Static GRL,Infiltration,0.4849999999999999,0.7086337606658363,0.3503202273086646,0.7140777954951054,0.7046598501345532,0.3821958456973294,0.3781094527363184,0.3092272496187087,0.3298480007745183,0.0040863929610109,0.0206207511558096,0.0206207511558096,0.0094179453605521,1.1936231710307776e-05,0.6178041543026707,0.7046598501345532
r50_static_grl,2026,Static GRL,Effusion,0.6599999999999999,0.8753851805082635,0.4972840036598602,0.8704311516451697,0.8791231463651806,0.3682342502218279,0.3450210378681627,0.113339662948018,0.1061422889969067,0.0232132123536651,0.0071973739511112,0.0232132123536651,0.0086919947200109,0.0140136925214324,0.6317657497781721,0.8704311516451697
r50_static_grl,2026,Static GRL,Atelectasis,0.6599999999999999,0.8066319417195823,0.3359798142740049,0.8042649258179532,0.8075439978619275,0.5660377358490566,0.5136129506990434,0.0948879954049397,0.1085925144965735,0.0524247851500131,0.0137045190916338,0.0524247851500132,0.0032790720439743,0.0357548318944891,0.4339622641509434,0.8042649258179532
r50_static_grl,2026,Static GRL,Nodule,0.72,0.7686818720555345,0.2274267338772461,0.7719880976693526,0.7660324794006358,0.6388888888888888,0.5909090909090909,0.0649437451264342,0.0815817894824291,0.0479797979797979,0.0166380443559949,0.047979797979798,0.0059556182687168,0.0289454133251177,0.3611111111111111,0.7660324794006358
r50_static_grl,2026,Static GRL,Mass,0.8949999999999999,0.8384542381950375,0.2875661713674251,0.8468501989906757,0.8324822916782797,0.6737588652482269,0.6248085758039816,0.0268346111719605,0.0388815354070152,0.0489502894442452,0.0120469242350546,0.0489502894442452,0.014367907312396,0.0150024806008672,0.3262411347517731,0.8324822916782797
r50_static_grl,2026,Static GRL,Pneumothorax,0.7599999999999999,0.8628924287586616,0.2769923900808076,0.8550914192736981,0.8689727677407235,0.5209059233449478,0.5381165919282511,0.0628132308720347,0.0457096380642537,0.0172106685833033,0.0171035928077809,0.0172106685833033,0.0138813484670253,0.1085477456434202,0.4618834080717489,0.8550914192736981
r50_static_grl,2026,Static GRL,Consolidation,0.715,0.8096899408701489,0.1477699478638379,0.788912688457078,0.8223186732041837,0.6983695652173914,0.6226415094339622,0.0744692433315187,0.0775620990294456,0.0757280557834291,0.0030928556979268,0.075728055783429,0.0334059847471057,0.0393834088514242,0.3016304347826087,0.788912688457078
r50_dynamic_grl,42,Standard Dynamic GRL,Infiltration,0.5499999999999999,0.7054937306504547,0.347268944665454,0.7014002555519181,0.7079577746212623,0.5097922848664689,0.4958540630182421,0.2081850533807829,0.2172523961661341,0.0139382218482267,0.0090673427853512,0.0139382218482267,0.0065575190693442,0.0151239278355902,0.4902077151335312,0.7014002555519181
r50_dynamic_grl,42,Standard Dynamic GRL,Effusion,0.7449999999999999,0.8742886756389883,0.4937107431965425,0.869668838856196,0.8782866827102749,0.3691215616681455,0.349929873772791,0.1045573225729883,0.1034025629695095,0.0191916878953545,0.0011547596034788,0.0191916878953544,0.0086178438540789,0.0125174834247973,0.6308784383318545,0.869668838856196
r50_dynamic_grl,42,Standard Dynamic GRL,Atelectasis,0.7549999999999999,0.8067671262089657,0.3387369703801505,0.8041316257193329,0.8076705806477805,0.5412735849056604,0.4915378955114054,0.1016657093624353,0.1137761377613776,0.0497356893942549,0.0121104283989422,0.0497356893942548,0.0035389549284475,0.050712170608533,0.4587264150943396,0.8041316257193329
r50_dynamic_grl,42,Standard Dynamic GRL,Nodule,0.7,0.7694457601182545,0.2260567919045044,0.7663171623779288,0.7727303999222095,0.6059027777777778,0.5610795454545454,0.0792024061490475,0.0918002824624075,0.0448232323232323,0.01259787631336,0.0448232323232323,0.0064132375442806,0.0137940159728148,0.3940972222222222,0.7663171623779288
r50_dynamic_grl,42,Standard Dynamic GRL,Mass,0.8749999999999999,0.8302325417396536,0.299353412594659,0.8308247820424186,0.8293144175991681,0.6666666666666666,0.6753445635528331,0.0223439211391018,0.0277961614824619,0.0086778968861664,0.00545224034336,0.0086778968861663,0.0015103644432504,0.0018052525657744,0.3246554364471669,0.8293144175991681
r50_dynamic_grl,42,Standard Dynamic GRL,Pneumothorax,0.72,0.8690192806463566,0.3071002325174858,0.8496361816751669,0.8859103649629713,0.4581881533101045,0.5336322869955157,0.0668225860340795,0.041561610410736,0.0754441336854111,0.0252609756233434,0.0754441336854111,0.0362741832878044,0.0767091698548503,0.4663677130044843,0.8496361816751669
r50_dynamic_grl,42,Standard Dynamic GRL,Consolidation,0.7499999999999999,0.8105810000427153,0.1503374299042495,0.7917922061016306,0.8214883394934112,0.6494565217391305,0.6209262435677531,0.0765378334240609,0.0783846027307123,0.0285302781713774,0.0018467693066513,0.0285302781713774,0.0296961333917805,0.0223565994848136,0.3505434782608695,0.7917922061016306
r50_dynamic_grl,123,Standard Dynamic GRL,Infiltration,0.5149999999999999,0.6985668230147183,0.3444438322544425,0.6982063845739569,0.6982706357199705,0.48486646884273,0.4718076285240464,0.2322064056939501,0.2473617968825636,0.0130588403186835,0.0151553911886134,0.0151553911886134,6.425114601360526e-05,0.0063449081764416,0.51513353115727,0.6982063845739569
r50_dynamic_grl,123,Standard Dynamic GRL,Effusion,0.69,0.8706578332770125,0.4945915791954718,0.8662029957133989,0.8756192210937709,0.3868677905944986,0.3401122019635343,0.1019463565155471,0.1145382235969951,0.0467555886309642,0.012591867081448,0.0467555886309644,0.009416225380372,0.005947959397628,0.6131322094055013,0.8662029957133989
r50_dynamic_grl,123,Standard Dynamic GRL,Atelectasis,0.565,0.8080024300274773,0.3414569217950243,0.806332973892688,0.8077701401422719,0.4740566037735849,0.4260485651214128,0.1229178632969557,0.1541029696011245,0.048008038652172,0.0311851063041688,0.0480080386521721,0.0014371662495838,0.0388981936068373,0.5259433962264151,0.806332973892688
r50_dynamic_grl,123,Standard Dynamic GRL,Nodule,0.705,0.7660087471447606,0.2271638034005989,0.7647377015954352,0.7691828037792563,0.703125,0.6377840909090909,0.0473432104266458,0.0572401761236188,0.065340909090909,0.0098969656969729,0.0653409090909091,0.0044451021838211,0.0004353362037408,0.296875,0.7647377015954352
r50_dynamic_grl,123,Standard Dynamic GRL,Mass,0.82,0.8355018149351343,0.2896883062489964,0.8423921346248955,0.8301601172818422,0.6288416075650118,0.5987748851454824,0.028696604600219,0.0473196558570483,0.0300667224195294,0.0186230512568292,0.0300667224195294,0.0122320173430532,0.0196692022340412,0.3711583924349881,0.8301601172818422
r50_dynamic_grl,123,Standard Dynamic GRL,Pneumothorax,0.84,0.8572815569774023,0.2823371278832016,0.8404667996133448,0.8769070149555855,0.5592334494773519,0.647982062780269,0.0495600846419423,0.0252948352989019,0.0887486133029171,0.0242652493430403,0.0887486133029171,0.0364402153422407,0.0319569582771179,0.3520179372197309,0.8404667996133448
r50_dynamic_grl,123,Standard Dynamic GRL,Consolidation,0.725,0.8080721309591924,0.1394660827983142,0.79610482592128,0.8148493379197908,0.6983695652173914,0.5763293310463122,0.0722917800762112,0.1059384767231452,0.1220402341710791,0.033646696646934,0.1220402341710791,0.0187445119985107,0.0237497676383948,0.3016304347826087,0.79610482592128
r50_dynamic_grl,2026,Standard Dynamic GRL,Infiltration,0.585,0.7064255026574411,0.3462440552418747,0.7101580756065586,0.7032682578972694,0.5477744807121662,0.5257048092868989,0.1663701067615658,0.1864652918966018,0.0220696714252672,0.0200951851350359,0.0220696714252673,0.0068898177092892,0.0064676528460728,0.4522255192878338,0.7032682578972694
r50_dynamic_grl,2026,Standard Dynamic GRL,Effusion,0.6799999999999999,0.8739584096620766,0.4904312624989465,0.8698447004886848,0.8771279730824367,0.3717834960070985,0.3667601683029453,0.1066935675290766,0.1014582412726469,0.0050233277041532,0.0052353262564297,0.0052353262564297,0.0072832725937519,0.0114743677759029,0.6282165039929015,0.8698447004886848
r50_dynamic_grl,2026,Standard Dynamic GRL,Atelectasis,0.6449999999999999,0.8059685271651008,0.3364506926125514,0.8072460253812057,0.8049646958153592,0.5518867924528302,0.4915378955114054,0.1040781160252728,0.1191354770690564,0.0603488969414248,0.0150573610437835,0.0603488969414247,0.0022813295658464,0.025904006211187,0.4481132075471698,0.8049646958153592
r50_dynamic_grl,2026,Standard Dynamic GRL,Nodule,0.725,0.7533800754853908,0.2244447396916828,0.7603280915425841,0.7481214408981398,0.6006944444444444,0.5681818181818182,0.0886710482343767,0.0999418459749107,0.0325126262626261,0.0112707977405339,0.0325126262626262,0.0122066506444442,0.0201843510815946,0.3993055555555556,0.7481214408981398
r50_dynamic_grl,2026,Standard Dynamic GRL,Mass,0.8699999999999999,0.8379639306389574,0.2899414541118136,0.84273159692283,0.8344769165983401,0.5768321513002365,0.5513016845329249,0.0394304490690032,0.0500496360026472,0.0255304667673115,0.0106191869336439,0.0255304667673114,0.0082546803244898,0.0006634005262567,0.4231678486997636,0.8344769165983401
r50_dynamic_grl,2026,Standard Dynamic GRL,Pneumothorax,0.8049999999999999,0.8648409547141223,0.2916334654958844,0.8516726795352533,0.8768402701160011,0.5226480836236934,0.5582959641255605,0.0542376656643278,0.0418869459129727,0.035647880501867,0.0123507197513551,0.0356478805018671,0.0251675905807478,0.0994978762619553,0.4417040358744394,0.8516726795352533
r50_dynamic_grl,2026,Standard Dynamic GRL,Consolidation,0.6699999999999999,0.808453218137109,0.1447598308068594,0.7833125251473337,0.8231295377021306,0.6711956521739131,0.5557461406518011,0.0868807838867719,0.1070077315347919,0.115449511522112,0.0201269476480199,0.115449511522112,0.0398170125547968,0.0321729510076997,0.328804347826087,0.7833125251473337
r50_dynamic_eo_gradnorm_common_epoch_v2,42,Final Dynamic,Infiltration,0.5049999999999999,0.7067041295353624,0.3438365233304444,0.7042312020745868,0.7086587386108152,0.400593471810089,0.4063018242122719,0.3018556176919166,0.2894762319682447,0.0057083524021829,0.0123793857236718,0.0123793857236718,0.0044275365362284,0.0231347098201157,0.593698175787728,0.7042312020745868
r50_dynamic_eo_gradnorm_common_epoch_v2,42,Final Dynamic,Effusion,0.7499999999999999,0.8743014338860987,0.4920490774612053,0.8715967878188335,0.8765563343226821,0.3966282165039929,0.4088359046283309,0.0913838120104438,0.0914714980114891,0.012207688124338,8.768600104530622e-05,0.012207688124338,0.0049595465038485,0.0297658664486515,0.591164095371669,0.8715967878188335
r50_dynamic_eo_gradnorm_common_epoch_v2,42,Final Dynamic,Atelectasis,0.7,0.8134380736050107,0.3477410410017179,0.8149552144180855,0.8119932405568142,0.5283018867924528,0.4988962472406181,0.0979896611143021,0.1108768230539448,0.0294056395518347,0.0128871619396426,0.0294056395518347,0.0029619738612712,0.0253923430141406,0.4716981132075472,0.8119932405568142
r50_dynamic_eo_gradnorm_common_epoch_v2,42,Final Dynamic,Nodule,0.715,0.770277181283906,0.2273996263808212,0.7677823264391718,0.772634518945373,0.6319444444444444,0.6036931818181818,0.0680628272251308,0.0759325413308964,0.0282512626262626,0.0078697141057655,0.0282512626262625,0.0048521925062012,0.0241652979646243,0.3680555555555556,0.7677823264391718
r50_dynamic_eo_gradnorm_common_epoch_v2,42,Final Dynamic,Mass,0.7799999999999999,0.8375167669941457,0.2926087119844101,0.8430829701785867,0.8333028439731909,0.5626477541371159,0.5436447166921899,0.0452354874041621,0.0559232296492389,0.0190030374449259,0.0106877422450768,0.0190030374449259,0.0097801262053958,0.0228964717261913,0.4373522458628842,0.8333028439731909
r50_dynamic_eo_gradnorm_common_epoch_v2,42,Final Dynamic,Pneumothorax,0.6599999999999999,0.8685999848844304,0.3245417928999296,0.857994049607815,0.8780205231263576,0.4285714285714285,0.5022421524663677,0.0702750863125069,0.0508336722244815,0.0736707238949391,0.0194414140880254,0.0736707238949391,0.0200264735185425,0.0900289120120413,0.4977578475336323,0.857994049607815
r50_dynamic_eo_gradnorm_common_epoch_v2,42,Final Dynamic,Consolidation,0.7499999999999999,0.809197877755806,0.1471437519682242,0.786088790797851,0.8230452416538449,0.6114130434782609,0.5523156089193825,0.0931954273271638,0.1010857048856719,0.0590974345588783,0.0078902775585081,0.0590974345588783,0.0369564508559938,0.028903951663006,0.3885869565217391,0.786088790797851
r50_dynamic_eo_gradnorm_common_epoch_v2,123,Final Dynamic,Infiltration,0.4949999999999999,0.7104156112389626,0.3461844810194257,0.7095112003849873,0.7108108206827868,0.3810089020771513,0.373134328358209,0.3111337061514997,0.3298480007745183,0.0078745737189423,0.0187142946230186,0.0187142946230186,0.0012996202977995,0.0163152005410502,0.6189910979228487,0.7095112003849873
r50_dynamic_eo_gradnorm_common_epoch_v2,123,Final Dynamic,Effusion,0.7699999999999999,0.8735515247563665,0.4967471206251914,0.8705626792972526,0.8758865870188082,0.4303460514640639,0.4509116409537166,0.0802278661286494,0.0783031374281926,0.0205655894896527,0.0019247287004567,0.0205655894896528,0.0053239077215555,0.0286277234014898,0.5490883590462833,0.8705626792972526
r50_dynamic_eo_gradnorm_common_epoch_v2,123,Final Dynamic,Atelectasis,0.6799999999999999,0.8132547861749284,0.3479850657672428,0.8151143210906767,0.8112640642331997,0.4858490566037736,0.4422369389256806,0.11889718552556,0.1402214022140221,0.0436121176780929,0.0213242166884621,0.0436121176780929,0.0038502568574769,0.0168841642180526,0.5141509433962265,0.8112640642331997
r50_dynamic_eo_gradnorm_common_epoch_v2,123,Final Dynamic,Nodule,0.7549999999999999,0.7652034060626248,0.2286162863661568,0.7522443543995149,0.7748797859063343,0.6840277777777778,0.6477272727272727,0.0523560209424083,0.0552463238348425,0.036300505050505,0.0028903028924341,0.036300505050505,0.0226354315068194,0.0168628786148098,0.3159722222222222,0.7522443543995149
r50_dynamic_eo_gradnorm_common_epoch_v2,123,Final Dynamic,Mass,0.845,0.834149329968488,0.2992336411877247,0.8398110818515842,0.8303962620213381,0.6524822695035462,0.6232771822358346,0.0311062431544359,0.0376406353408338,0.0292050872677115,0.0065343921863979,0.0292050872677114,0.009414819830246,0.0027514204565997,0.3475177304964539,0.8303962620213381
r50_dynamic_eo_gradnorm_common_epoch_v2,123,Final Dynamic,Pneumothorax,0.72,0.8612774130993002,0.2980250664058918,0.8481752622165619,0.8728255497787025,0.4651567944250871,0.4865470852017937,0.0741730704978282,0.047742984953233,0.0213902907767066,0.0264300855445952,0.0264300855445952,0.0246502875621406,0.0641042705691406,0.5134529147982063,0.8481752622165619
r50_dynamic_eo_gradnorm_common_epoch_v2,123,Final Dynamic,Consolidation,0.7649999999999999,0.8095554641471853,0.1560634018202983,0.7943252822418405,0.818184075481856,0.6385869565217391,0.6123499142367067,0.0784975503538377,0.0862806382628721,0.0262370422850324,0.0077830879090344,0.0262370422850324,0.0238587932400154,0.0169490688726973,0.3614130434782608,0.7943252822418405
r50_dynamic_eo_gradnorm_common_epoch_v2,2026,Final Dynamic,Infiltration,0.57,0.7096233773429892,0.3475275110809154,0.7089583845618883,0.7099710968505972,0.4765578635014836,0.4622719734660033,0.2329689883070666,0.2426178720108432,0.0142858900354803,0.0096488837037766,0.0142858900354803,0.0010127122887089,0.0164751878243867,0.5234421364985163,0.7089583845618883
r50_dynamic_eo_gradnorm_common_epoch_v2,2026,Final Dynamic,Effusion,0.6749999999999999,0.8748225080797105,0.49678189149021,0.8711272267294516,0.8777276871236098,0.3513753327417924,0.3632538569424965,0.1100166152385473,0.1041095890410958,0.0118785242007041,0.0059070261974514,0.0118785242007041,0.0066004603941581,0.0406097611758657,0.6367461430575035,0.8711272267294516
r50_dynamic_eo_gradnorm_common_epoch_v2,2026,Final Dynamic,Atelectasis,0.625,0.8157808390772456,0.3522541300968985,0.8176970782352367,0.8139494876500326,0.4410377358490566,0.4473877851361295,0.1255600229753015,0.1378492356352135,0.0063500492870729,0.0122892126599119,0.0122892126599119,0.0037475905852041,0.026786972124599,0.5526122148638705,0.8139494876500326
r50_dynamic_eo_gradnorm_common_epoch_v2,2026,Final Dynamic,Nodule,0.7499999999999999,0.7765722777077186,0.2269453254095065,0.7784731311809192,0.7753605478751123,0.6267361111111112,0.5994318181818182,0.0725186587946975,0.0750186923652072,0.0273042929292929,0.0025000335705097,0.0273042929292929,0.0031125833058068,0.0187249760517835,0.3732638888888889,0.7753605478751123
r50_dynamic_eo_gradnorm_common_epoch_v2,2026,Final Dynamic,Mass,0.845,0.8333227627100648,0.3022907658850491,0.8399573794857055,0.828798104355705,0.6288416075650118,0.6202143950995406,0.0332968236582694,0.0395433487756452,0.0086272124654712,0.0062465251173758,0.0086272124654712,0.0111592751300004,0.0048659693679594,0.3711583924349881,0.828798104355705
r50_dynamic_eo_gradnorm_common_epoch_v2,2026,Final Dynamic,Pneumothorax,0.845,0.8703772164125593,0.3137802897936939,0.8561277126302836,0.885599162589335,0.5592334494773519,0.6345291479820628,0.0428778260385343,0.0255388369255795,0.0752956985047109,0.0173389891129548,0.0752956985047108,0.0294714499590513,0.0903332419807838,0.3654708520179372,0.8561277126302836
r50_dynamic_eo_gradnorm_common_epoch_v2,2026,Final Dynamic,Consolidation,0.7999999999999999,0.8101668541063782,0.1517471616692483,0.7877822418404298,0.8236433556232307,0.6847826086956522,0.6363636363636364,0.0692433315187806,0.073285079782859,0.0484189723320158,0.0040417482640783,0.0484189723320158,0.0358611137828008,0.0375353313196191,0.3152173913043478,0.7877822418404298
